Added Component: Designator=2(ETML-ES-CU-Footprint-1)
Add component (AddParameter): Name = "Category"; Value = "Others"; VariantName = "[No Variations]"
Add component (AddParameter): Name = "ComponentLink1Description"; Value = ""; VariantName = "[No Variations]"
Add component (AddParameter): Name = "ComponentLink1URL"; Value = ""; VariantName = "[No Variations]"
Add component (AddParameter): Name = "Current"; Value = ""; VariantName = "[No Variations]"
Add component (AddParameter): Name = "Dielectric"; Value = ""; VariantName = "[No Variations]"
Add component (AddParameter): Name = "IsStocked"; Value = "Fasle"; VariantName = "[No Variations]"
Add component (AddParameter): Name = "Manufacturer"; Value = ""; VariantName = "[No Variations]"
Add component (AddParameter): Name = "Manufacturer Number"; Value = ""; VariantName = "[No Variations]"
Add component (AddParameter): Name = "PN"; Value = ""; VariantName = "[No Variations]"
Add component (AddParameter): Name = "Power"; Value = ""; VariantName = "[No Variations]"
Add component (AddParameter): Name = "SubCategory"; Value = "Dessins"; VariantName = "[No Variations]"
Add component (AddParameter): Name = "Supplier 1"; Value = ""; VariantName = "[No Variations]"
Add component (AddParameter): Name = "Supplier Part Number 1"; Value = ""; VariantName = "[No Variations]"
Add component (AddParameter): Name = "Supplier Price 1"; Value = ""; VariantName = "[No Variations]"
Add component (AddParameter): Name = "TemperatureCoeff"; Value = ""; VariantName = "[No Variations]"
Add component (AddParameter): Name = "TemperatureRange"; Value = ""; VariantName = "[No Variations]"
Add component (AddParameter): Name = "Tolerance"; Value = ""; VariantName = "[No Variations]"
Add component (AddParameter): Name = "Value"; Value = "ETML-ES-CU"; VariantName = "[No Variations]"
Add component (AddParameter): Name = "Voltage"; Value = ""; VariantName = "[No Variations]"
Added Component: Designator=C1(CAPC1608X08M)
Add component (AddParameter): Name = "Category"; Value = "Passives"; VariantName = "[No Variations]"
Add component (AddParameter): Name = "Current"; Value = "NULL"; VariantName = "[No Variations]"
Add component (AddParameter): Name = "Dielectric"; Value = "X7R"; VariantName = "[No Variations]"
Add component (AddParameter): Name = "IsStocked"; Value = "1"; VariantName = "[No Variations]"
Add component (AddParameter): Name = "Manufacturer"; Value = "TDK"; VariantName = "[No Variations]"
Add component (AddParameter): Name = "Manufacturer Number"; Value = "CGA3E2X7R1H104K080AA"; VariantName = "[No Variations]"
Add component (AddParameter): Name = "PN"; Value = "PN-338083"; VariantName = "[No Variations]"
Add component (AddParameter): Name = "Power"; Value = "NULL"; VariantName = "[No Variations]"
Add component (AddParameter): Name = "SubCategory"; Value = "Condensateurs ceramique"; VariantName = "[No Variations]"
Add component (AddParameter): Name = "Supplier 1"; Value = "ETML"; VariantName = "[No Variations]"
Add component (AddParameter): Name = "Supplier Part Number 1"; Value = "FAB.0603_C 100n"; VariantName = "[No Variations]"
Add component (AddParameter): Name = "Supplier Price 1"; Value = "0.0100"; VariantName = "[No Variations]"
Add component (AddParameter): Name = "TemperatureCoeff"; Value = "NULL"; VariantName = "[No Variations]"
Add component (AddParameter): Name = "TemperatureRange"; Value = "-55°C to +125°C"; VariantName = "[No Variations]"
Add component (AddParameter): Name = "Tolerance"; Value = "±10%"; VariantName = "[No Variations]"
Add component (AddParameter): Name = "Value"; Value = "100nF"; VariantName = "[No Variations]"
Add component (AddParameter): Name = "Voltage"; Value = "50V"; VariantName = "[No Variations]"
Added Component: Designator=C2(CAPC1608X08M)
Add component (AddParameter): Name = "Category"; Value = "Passives"; VariantName = "[No Variations]"
Add component (AddParameter): Name = "Current"; Value = "NULL"; VariantName = "[No Variations]"
Add component (AddParameter): Name = "Dielectric"; Value = "X7R"; VariantName = "[No Variations]"
Add component (AddParameter): Name = "IsStocked"; Value = "1"; VariantName = "[No Variations]"
Add component (AddParameter): Name = "Manufacturer"; Value = "TDK"; VariantName = "[No Variations]"
Add component (AddParameter): Name = "Manufacturer Number"; Value = "CGA3E2X7R1H104K080AA"; VariantName = "[No Variations]"
Add component (AddParameter): Name = "PN"; Value = "PN-338083"; VariantName = "[No Variations]"
Add component (AddParameter): Name = "Power"; Value = "NULL"; VariantName = "[No Variations]"
Add component (AddParameter): Name = "SubCategory"; Value = "Condensateurs ceramique"; VariantName = "[No Variations]"
Add component (AddParameter): Name = "Supplier 1"; Value = "ETML"; VariantName = "[No Variations]"
Add component (AddParameter): Name = "Supplier Part Number 1"; Value = "FAB.0603_C 100n"; VariantName = "[No Variations]"
Add component (AddParameter): Name = "Supplier Price 1"; Value = "0.0100"; VariantName = "[No Variations]"
Add component (AddParameter): Name = "TemperatureCoeff"; Value = "NULL"; VariantName = "[No Variations]"
Add component (AddParameter): Name = "TemperatureRange"; Value = "-55°C to +125°C"; VariantName = "[No Variations]"
Add component (AddParameter): Name = "Tolerance"; Value = "±10%"; VariantName = "[No Variations]"
Add component (AddParameter): Name = "Value"; Value = "100nF"; VariantName = "[No Variations]"
Add component (AddParameter): Name = "Voltage"; Value = "50V"; VariantName = "[No Variations]"
Added Component: Designator=C3(CAPC1608X08M)
Add component (AddParameter): Name = "Category"; Value = "Passives"; VariantName = "[No Variations]"
Add component (AddParameter): Name = "Current"; Value = "NULL"; VariantName = "[No Variations]"
Add component (AddParameter): Name = "Dielectric"; Value = "X7R"; VariantName = "[No Variations]"
Add component (AddParameter): Name = "IsStocked"; Value = "1"; VariantName = "[No Variations]"
Add component (AddParameter): Name = "Manufacturer"; Value = "TDK"; VariantName = "[No Variations]"
Add component (AddParameter): Name = "Manufacturer Number"; Value = "CGA3E2X7R1H104K080AA"; VariantName = "[No Variations]"
Add component (AddParameter): Name = "PN"; Value = "PN-338083"; VariantName = "[No Variations]"
Add component (AddParameter): Name = "Power"; Value = "NULL"; VariantName = "[No Variations]"
Add component (AddParameter): Name = "SubCategory"; Value = "Condensateurs ceramique"; VariantName = "[No Variations]"
Add component (AddParameter): Name = "Supplier 1"; Value = "ETML"; VariantName = "[No Variations]"
Add component (AddParameter): Name = "Supplier Part Number 1"; Value = "FAB.0603_C 100n"; VariantName = "[No Variations]"
Add component (AddParameter): Name = "Supplier Price 1"; Value = "0.0100"; VariantName = "[No Variations]"
Add component (AddParameter): Name = "TemperatureCoeff"; Value = "NULL"; VariantName = "[No Variations]"
Add component (AddParameter): Name = "TemperatureRange"; Value = "-55°C to +125°C"; VariantName = "[No Variations]"
Add component (AddParameter): Name = "Tolerance"; Value = "±10%"; VariantName = "[No Variations]"
Add component (AddParameter): Name = "Value"; Value = "100nF"; VariantName = "[No Variations]"
Add component (AddParameter): Name = "Voltage"; Value = "50V"; VariantName = "[No Variations]"
Added Component: Designator=C4(CAPC1608X08M)
Add component (AddParameter): Name = "Category"; Value = "Passives"; VariantName = "[No Variations]"
Add component (AddParameter): Name = "Current"; Value = "NULL"; VariantName = "[No Variations]"
Add component (AddParameter): Name = "Dielectric"; Value = "X7R"; VariantName = "[No Variations]"
Add component (AddParameter): Name = "IsStocked"; Value = "1"; VariantName = "[No Variations]"
Add component (AddParameter): Name = "Manufacturer"; Value = "TDK"; VariantName = "[No Variations]"
Add component (AddParameter): Name = "Manufacturer Number"; Value = "CGA3E2X7R1H104K080AA"; VariantName = "[No Variations]"
Add component (AddParameter): Name = "PN"; Value = "PN-338083"; VariantName = "[No Variations]"
Add component (AddParameter): Name = "Power"; Value = "NULL"; VariantName = "[No Variations]"
Add component (AddParameter): Name = "SubCategory"; Value = "Condensateurs ceramique"; VariantName = "[No Variations]"
Add component (AddParameter): Name = "Supplier 1"; Value = "ETML"; VariantName = "[No Variations]"
Add component (AddParameter): Name = "Supplier Part Number 1"; Value = "FAB.0603_C 100n"; VariantName = "[No Variations]"
Add component (AddParameter): Name = "Supplier Price 1"; Value = "0.0100"; VariantName = "[No Variations]"
Add component (AddParameter): Name = "TemperatureCoeff"; Value = "NULL"; VariantName = "[No Variations]"
Add component (AddParameter): Name = "TemperatureRange"; Value = "-55°C to +125°C"; VariantName = "[No Variations]"
Add component (AddParameter): Name = "Tolerance"; Value = "±10%"; VariantName = "[No Variations]"
Add component (AddParameter): Name = "Value"; Value = "100nF"; VariantName = "[No Variations]"
Add component (AddParameter): Name = "Voltage"; Value = "50V"; VariantName = "[No Variations]"
Added Component: Designator=C5(CAPC1608X08M)
Add component (AddParameter): Name = "Category"; Value = "Passives"; VariantName = "[No Variations]"
Add component (AddParameter): Name = "Current"; Value = "NULL"; VariantName = "[No Variations]"
Add component (AddParameter): Name = "Dielectric"; Value = "X7R"; VariantName = "[No Variations]"
Add component (AddParameter): Name = "IsStocked"; Value = "1"; VariantName = "[No Variations]"
Add component (AddParameter): Name = "Manufacturer"; Value = "TDK"; VariantName = "[No Variations]"
Add component (AddParameter): Name = "Manufacturer Number"; Value = "CGA3E2X7R1H104K080AA"; VariantName = "[No Variations]"
Add component (AddParameter): Name = "PN"; Value = "PN-338083"; VariantName = "[No Variations]"
Add component (AddParameter): Name = "Power"; Value = "NULL"; VariantName = "[No Variations]"
Add component (AddParameter): Name = "SubCategory"; Value = "Condensateurs ceramique"; VariantName = "[No Variations]"
Add component (AddParameter): Name = "Supplier 1"; Value = "ETML"; VariantName = "[No Variations]"
Add component (AddParameter): Name = "Supplier Part Number 1"; Value = "FAB.0603_C 100n"; VariantName = "[No Variations]"
Add component (AddParameter): Name = "Supplier Price 1"; Value = "0.0100"; VariantName = "[No Variations]"
Add component (AddParameter): Name = "TemperatureCoeff"; Value = "NULL"; VariantName = "[No Variations]"
Add component (AddParameter): Name = "TemperatureRange"; Value = "-55°C to +125°C"; VariantName = "[No Variations]"
Add component (AddParameter): Name = "Tolerance"; Value = "±10%"; VariantName = "[No Variations]"
Add component (AddParameter): Name = "Value"; Value = "100nF"; VariantName = "[No Variations]"
Add component (AddParameter): Name = "Voltage"; Value = "50V"; VariantName = "[No Variations]"
Added Component: Designator=C6(CAPC1608X08M)
Add component (AddParameter): Name = "Category"; Value = "Passives"; VariantName = "[No Variations]"
Add component (AddParameter): Name = "Current"; Value = "NULL"; VariantName = "[No Variations]"
Add component (AddParameter): Name = "Dielectric"; Value = "X7R"; VariantName = "[No Variations]"
Add component (AddParameter): Name = "IsStocked"; Value = "1"; VariantName = "[No Variations]"
Add component (AddParameter): Name = "Manufacturer"; Value = "TDK"; VariantName = "[No Variations]"
Add component (AddParameter): Name = "Manufacturer Number"; Value = "CGA3E2X7R1H104K080AA"; VariantName = "[No Variations]"
Add component (AddParameter): Name = "PN"; Value = "PN-338083"; VariantName = "[No Variations]"
Add component (AddParameter): Name = "Power"; Value = "NULL"; VariantName = "[No Variations]"
Add component (AddParameter): Name = "SubCategory"; Value = "Condensateurs ceramique"; VariantName = "[No Variations]"
Add component (AddParameter): Name = "Supplier 1"; Value = "ETML"; VariantName = "[No Variations]"
Add component (AddParameter): Name = "Supplier Part Number 1"; Value = "FAB.0603_C 100n"; VariantName = "[No Variations]"
Add component (AddParameter): Name = "Supplier Price 1"; Value = "0.0100"; VariantName = "[No Variations]"
Add component (AddParameter): Name = "TemperatureCoeff"; Value = "NULL"; VariantName = "[No Variations]"
Add component (AddParameter): Name = "TemperatureRange"; Value = "-55°C to +125°C"; VariantName = "[No Variations]"
Add component (AddParameter): Name = "Tolerance"; Value = "±10%"; VariantName = "[No Variations]"
Add component (AddParameter): Name = "Value"; Value = "100nF"; VariantName = "[No Variations]"
Add component (AddParameter): Name = "Voltage"; Value = "50V"; VariantName = "[No Variations]"
Added Component: Designator=C7(CAPC2012X08M)
Add component (AddParameter): Name = "Category"; Value = "Passives"; VariantName = "[No Variations]"
Add component (AddParameter): Name = "Current"; Value = ""; VariantName = "[No Variations]"
Add component (AddParameter): Name = "Dielectric"; Value = "X5R"; VariantName = "[No Variations]"
Add component (AddParameter): Name = "IsStocked"; Value = "1"; VariantName = "[No Variations]"
Add component (AddParameter): Name = "Manufacturer"; Value = "TDK"; VariantName = "[No Variations]"
Add component (AddParameter): Name = "Manufacturer Number"; Value = "C2012X5R1C106K085AC"; VariantName = "[No Variations]"
Add component (AddParameter): Name = "PN"; Value = "PN-654987"; VariantName = "[No Variations]"
Add component (AddParameter): Name = "Power"; Value = ""; VariantName = "[No Variations]"
Add component (AddParameter): Name = "SubCategory"; Value = "Condensateurs ceramique"; VariantName = "[No Variations]"
Add component (AddParameter): Name = "Supplier 1"; Value = "ETML"; VariantName = "[No Variations]"
Add component (AddParameter): Name = "Supplier Part Number 1"; Value = "FAB.0805_C 10u"; VariantName = "[No Variations]"
Add component (AddParameter): Name = "Supplier Price 1"; Value = "0.0360"; VariantName = "[No Variations]"
Add component (AddParameter): Name = "TemperatureCoeff"; Value = ""; VariantName = "[No Variations]"
Add component (AddParameter): Name = "TemperatureRange"; Value = "-55°C to +85°C"; VariantName = "[No Variations]"
Add component (AddParameter): Name = "Tolerance"; Value = "±10%"; VariantName = "[No Variations]"
Add component (AddParameter): Name = "Value"; Value = "10µF"; VariantName = "[No Variations]"
Add component (AddParameter): Name = "Voltage"; Value = "16V"; VariantName = "[No Variations]"
Added Component: Designator=C8(CAPC2012X08M)
Add component (AddParameter): Name = "Category"; Value = "Passives"; VariantName = "[No Variations]"
Add component (AddParameter): Name = "Current"; Value = ""; VariantName = "[No Variations]"
Add component (AddParameter): Name = "Dielectric"; Value = "X7R"; VariantName = "[No Variations]"
Add component (AddParameter): Name = "IsStocked"; Value = "1"; VariantName = "[No Variations]"
Add component (AddParameter): Name = "Manufacturer"; Value = "TDK"; VariantName = "[No Variations]"
Add component (AddParameter): Name = "Manufacturer Number"; Value = "C2012X7R1H104K085AA"; VariantName = "[No Variations]"
Add component (AddParameter): Name = "PN"; Value = "PN-747862"; VariantName = "[No Variations]"
Add component (AddParameter): Name = "Power"; Value = ""; VariantName = "[No Variations]"
Add component (AddParameter): Name = "SubCategory"; Value = "Condensateurs ceramique"; VariantName = "[No Variations]"
Add component (AddParameter): Name = "Supplier 1"; Value = "ETML"; VariantName = "[No Variations]"
Add component (AddParameter): Name = "Supplier Part Number 1"; Value = "FAB.0805_C 100n"; VariantName = "[No Variations]"
Add component (AddParameter): Name = "Supplier Price 1"; Value = "0.0200"; VariantName = "[No Variations]"
Add component (AddParameter): Name = "TemperatureCoeff"; Value = ""; VariantName = "[No Variations]"
Add component (AddParameter): Name = "TemperatureRange"; Value = "-55°C to +125°C"; VariantName = "[No Variations]"
Add component (AddParameter): Name = "Tolerance"; Value = "±10%"; VariantName = "[No Variations]"
Add component (AddParameter): Name = "Value"; Value = "100nF"; VariantName = "[No Variations]"
Add component (AddParameter): Name = "Voltage"; Value = "50V"; VariantName = "[No Variations]"
Added Component: Designator=C9(CAPC2012X08M)
Add component (AddParameter): Name = "Category"; Value = "Passives"; VariantName = "[No Variations]"
Add component (AddParameter): Name = "Current"; Value = ""; VariantName = "[No Variations]"
Add component (AddParameter): Name = "Dielectric"; Value = "X7R"; VariantName = "[No Variations]"
Add component (AddParameter): Name = "IsStocked"; Value = "1"; VariantName = "[No Variations]"
Add component (AddParameter): Name = "Manufacturer"; Value = "TDK"; VariantName = "[No Variations]"
Add component (AddParameter): Name = "Manufacturer Number"; Value = "C2012X7R1H104K085AA"; VariantName = "[No Variations]"
Add component (AddParameter): Name = "PN"; Value = "PN-747862"; VariantName = "[No Variations]"
Add component (AddParameter): Name = "Power"; Value = ""; VariantName = "[No Variations]"
Add component (AddParameter): Name = "SubCategory"; Value = "Condensateurs ceramique"; VariantName = "[No Variations]"
Add component (AddParameter): Name = "Supplier 1"; Value = "ETML"; VariantName = "[No Variations]"
Add component (AddParameter): Name = "Supplier Part Number 1"; Value = "FAB.0805_C 100n"; VariantName = "[No Variations]"
Add component (AddParameter): Name = "Supplier Price 1"; Value = "0.0200"; VariantName = "[No Variations]"
Add component (AddParameter): Name = "TemperatureCoeff"; Value = ""; VariantName = "[No Variations]"
Add component (AddParameter): Name = "TemperatureRange"; Value = "-55°C to +125°C"; VariantName = "[No Variations]"
Add component (AddParameter): Name = "Tolerance"; Value = "±10%"; VariantName = "[No Variations]"
Add component (AddParameter): Name = "Value"; Value = "100nF"; VariantName = "[No Variations]"
Add component (AddParameter): Name = "Voltage"; Value = "50V"; VariantName = "[No Variations]"
Add Component: Footprint Not Found FP-0805-L_2_01_0_2-W_1_25-IPC_A
Add Component: Footprint Not Found FP-0805-L_2_01_0_2-W_1_25-IPC_A
Added Component: Designator=C12(CAPC2012X08M)
Add component (AddParameter): Name = "Category"; Value = "Passives"; VariantName = "[No Variations]"
Add component (AddParameter): Name = "Current"; Value = ""; VariantName = "[No Variations]"
Add component (AddParameter): Name = "Dielectric"; Value = "X7R"; VariantName = "[No Variations]"
Add component (AddParameter): Name = "IsStocked"; Value = "1"; VariantName = "[No Variations]"
Add component (AddParameter): Name = "Manufacturer"; Value = "TDK"; VariantName = "[No Variations]"
Add component (AddParameter): Name = "Manufacturer Number"; Value = "C2012X7R1H104K085AA"; VariantName = "[No Variations]"
Add component (AddParameter): Name = "PN"; Value = "PN-747862"; VariantName = "[No Variations]"
Add component (AddParameter): Name = "Power"; Value = ""; VariantName = "[No Variations]"
Add component (AddParameter): Name = "SubCategory"; Value = "Condensateurs ceramique"; VariantName = "[No Variations]"
Add component (AddParameter): Name = "Supplier 1"; Value = "ETML"; VariantName = "[No Variations]"
Add component (AddParameter): Name = "Supplier Part Number 1"; Value = "FAB.0805_C 100n"; VariantName = "[No Variations]"
Add component (AddParameter): Name = "Supplier Price 1"; Value = "0.0200"; VariantName = "[No Variations]"
Add component (AddParameter): Name = "TemperatureCoeff"; Value = ""; VariantName = "[No Variations]"
Add component (AddParameter): Name = "TemperatureRange"; Value = "-55°C to +125°C"; VariantName = "[No Variations]"
Add component (AddParameter): Name = "Tolerance"; Value = "±10%"; VariantName = "[No Variations]"
Add component (AddParameter): Name = "Value"; Value = "100nF"; VariantName = "[No Variations]"
Add component (AddParameter): Name = "Voltage"; Value = "50V"; VariantName = "[No Variations]"
Added Component: Designator=C13(CAPC2012X08M)
Add component (AddParameter): Name = "Category"; Value = "Passives"; VariantName = "[No Variations]"
Add component (AddParameter): Name = "Current"; Value = ""; VariantName = "[No Variations]"
Add component (AddParameter): Name = "Dielectric"; Value = "X5R"; VariantName = "[No Variations]"
Add component (AddParameter): Name = "IsStocked"; Value = "1"; VariantName = "[No Variations]"
Add component (AddParameter): Name = "Manufacturer"; Value = "TDK"; VariantName = "[No Variations]"
Add component (AddParameter): Name = "Manufacturer Number"; Value = "C2012X5R1E105K125AA"; VariantName = "[No Variations]"
Add component (AddParameter): Name = "PN"; Value = "PN-324029"; VariantName = "[No Variations]"
Add component (AddParameter): Name = "Power"; Value = ""; VariantName = "[No Variations]"
Add component (AddParameter): Name = "SubCategory"; Value = "Condensateurs ceramique"; VariantName = "[No Variations]"
Add component (AddParameter): Name = "Supplier 1"; Value = "ETML"; VariantName = "[No Variations]"
Add component (AddParameter): Name = "Supplier Part Number 1"; Value = "FAB.0805_C 1u"; VariantName = "[No Variations]"
Add component (AddParameter): Name = "Supplier Price 1"; Value = "0.0223"; VariantName = "[No Variations]"
Add component (AddParameter): Name = "TemperatureCoeff"; Value = ""; VariantName = "[No Variations]"
Add component (AddParameter): Name = "TemperatureRange"; Value = "-55°C to +85°C"; VariantName = "[No Variations]"
Add component (AddParameter): Name = "Tolerance"; Value = "±10%"; VariantName = "[No Variations]"
Add component (AddParameter): Name = "Value"; Value = "1µF"; VariantName = "[No Variations]"
Add component (AddParameter): Name = "Voltage"; Value = "25V"; VariantName = "[No Variations]"
Added Component: Designator=C14(CAPC2012X08M)
Add component (AddParameter): Name = "Category"; Value = "Passives"; VariantName = "[No Variations]"
Add component (AddParameter): Name = "Current"; Value = ""; VariantName = "[No Variations]"
Add component (AddParameter): Name = "Dielectric"; Value = "X5R"; VariantName = "[No Variations]"
Add component (AddParameter): Name = "IsStocked"; Value = "1"; VariantName = "[No Variations]"
Add component (AddParameter): Name = "Manufacturer"; Value = "TDK"; VariantName = "[No Variations]"
Add component (AddParameter): Name = "Manufacturer Number"; Value = "C2012X5R1E105K125AA"; VariantName = "[No Variations]"
Add component (AddParameter): Name = "PN"; Value = "PN-324029"; VariantName = "[No Variations]"
Add component (AddParameter): Name = "Power"; Value = ""; VariantName = "[No Variations]"
Add component (AddParameter): Name = "SubCategory"; Value = "Condensateurs ceramique"; VariantName = "[No Variations]"
Add component (AddParameter): Name = "Supplier 1"; Value = "ETML"; VariantName = "[No Variations]"
Add component (AddParameter): Name = "Supplier Part Number 1"; Value = "FAB.0805_C 1u"; VariantName = "[No Variations]"
Add component (AddParameter): Name = "Supplier Price 1"; Value = "0.0223"; VariantName = "[No Variations]"
Add component (AddParameter): Name = "TemperatureCoeff"; Value = ""; VariantName = "[No Variations]"
Add component (AddParameter): Name = "TemperatureRange"; Value = "-55°C to +85°C"; VariantName = "[No Variations]"
Add component (AddParameter): Name = "Tolerance"; Value = "±10%"; VariantName = "[No Variations]"
Add component (AddParameter): Name = "Value"; Value = "1µF"; VariantName = "[No Variations]"
Add component (AddParameter): Name = "Voltage"; Value = "25V"; VariantName = "[No Variations]"
Added Component: Designator=D1(DIODE_SMB_2L_ONS)
Add component (AddParameter): Name = "Copyright"; Value = "Copyright (C) 2025 Ultra Librarian. All rights reserved."; VariantName = "[No Variations]"
Add component (AddParameter): Name = "Manufacturer_Name"; Value = "onsemi"; VariantName = "[No Variations]"
Add component (AddParameter): Name = "Manufacturer_Part_Number"; Value = "MBRS130LT3G"; VariantName = "[No Variations]"
Add component (AddParameter): Name = "RefDes"; Value = ""; VariantName = "[No Variations]"
Add component (AddParameter): Name = "Type"; Value = ""; VariantName = "[No Variations]"
Added Component: Designator=D2(DIODE_SMB_2L_ONS)
Add component (AddParameter): Name = "Copyright"; Value = "Copyright (C) 2025 Ultra Librarian. All rights reserved."; VariantName = "[No Variations]"
Add component (AddParameter): Name = "Manufacturer_Name"; Value = "onsemi"; VariantName = "[No Variations]"
Add component (AddParameter): Name = "Manufacturer_Part_Number"; Value = "MBRS130LT3G"; VariantName = "[No Variations]"
Add component (AddParameter): Name = "RefDes"; Value = ""; VariantName = "[No Variations]"
Add component (AddParameter): Name = "Type"; Value = ""; VariantName = "[No Variations]"
Added Component: Designator=J1(SULLINS_SFH11-PBPC-D07-ST-BK)
Add component (AddParameter): Name = "Availability"; Value = "Warning"; VariantName = "[No Variations]"
Add component (AddParameter): Name = "Check_prices"; Value = "https://www.snapeda.com/parts/SFH11-PBPC-D07-ST-BK/Sullins%20Connector%20Solutions/view-part/851415/?ref=eda"; VariantName = "[No Variations]"
Add component (AddParameter): Name = "MF"; Value = "Sullins Connector"; VariantName = "[No Variations]"
Add component (AddParameter): Name = "MP"; Value = "SFH11-PBPC-D07-ST-BK"; VariantName = "[No Variations]"
Add component (AddParameter): Name = "Package"; Value = "None"; VariantName = "[No Variations]"
Add component (AddParameter): Name = "Price"; Value = "None"; VariantName = "[No Variations]"
Add component (AddParameter): Name = "Purchase-URL"; Value = "https://pricing.snapeda.com/search/part/SFH11-PBPC-D07-ST-BK/?ref=eda"; VariantName = "[No Variations]"
Add component (AddParameter): Name = "SnapEDA_Link"; Value = "https://www.snapeda.com/parts/SFH11-PBPC-D07-ST-BK/Sullins%20Connector%20Solutions/view-part/851415/?ref=snap"; VariantName = "[No Variations]"
Add component (AddParameter): Name = "Value"; Value = ""; VariantName = "[No Variations]"
Added Component: Designator=J2(SULLINS_SBH11-PBPC-D07-ST-BK)
Add component (AddParameter): Name = "Availability"; Value = "Warning"; VariantName = "[No Variations]"
Add component (AddParameter): Name = "Check_prices"; Value = "https://www.snapeda.com/parts/SBH11-PBPC-D07-ST-BK/Sullins%20Connector%20Solutions/view-part/229418/?ref=eda"; VariantName = "[No Variations]"
Add component (AddParameter): Name = "MF"; Value = "Sullins Connector"; VariantName = "[No Variations]"
Add component (AddParameter): Name = "MP"; Value = "SBH11-PBPC-D07-ST-BK"; VariantName = "[No Variations]"
Add component (AddParameter): Name = "Package"; Value = "None"; VariantName = "[No Variations]"
Add component (AddParameter): Name = "Price"; Value = "None"; VariantName = "[No Variations]"
Add component (AddParameter): Name = "Purchase-URL"; Value = "https://pricing.snapeda.com/search/part/SBH11-PBPC-D07-ST-BK/?ref=eda"; VariantName = "[No Variations]"
Add component (AddParameter): Name = "SnapEDA_Link"; Value = "https://www.snapeda.com/parts/SBH11-PBPC-D07-ST-BK/Sullins%20Connector%20Solutions/view-part/229418/?ref=snap"; VariantName = "[No Variations]"
Add component (AddParameter): Name = "Value"; Value = ""; VariantName = "[No Variations]"
Add Component: Footprint Not Found TAC_Contact_Prog
Added Component: Designator=J4(SULLINS_SFH11-PBPC-D07-ST-BK)
Add component (AddParameter): Name = "Availability"; Value = "Warning"; VariantName = "[No Variations]"
Add component (AddParameter): Name = "Check_prices"; Value = "https://www.snapeda.com/parts/SFH11-PBPC-D07-ST-BK/Sullins%20Connector%20Solutions/view-part/851415/?ref=eda"; VariantName = "[No Variations]"
Add component (AddParameter): Name = "MF"; Value = "Sullins Connector"; VariantName = "[No Variations]"
Add component (AddParameter): Name = "MP"; Value = "SFH11-PBPC-D07-ST-BK"; VariantName = "[No Variations]"
Add component (AddParameter): Name = "Package"; Value = "None"; VariantName = "[No Variations]"
Add component (AddParameter): Name = "Price"; Value = "None"; VariantName = "[No Variations]"
Add component (AddParameter): Name = "Purchase-URL"; Value = "https://pricing.snapeda.com/search/part/SFH11-PBPC-D07-ST-BK/?ref=eda"; VariantName = "[No Variations]"
Add component (AddParameter): Name = "SnapEDA_Link"; Value = "https://www.snapeda.com/parts/SFH11-PBPC-D07-ST-BK/Sullins%20Connector%20Solutions/view-part/851415/?ref=snap"; VariantName = "[No Variations]"
Add component (AddParameter): Name = "Value"; Value = ""; VariantName = "[No Variations]"
Added Component: Designator=M1(MECH-UHD340)
Add component (AddParameter): Name = "Category"; Value = "Others"; VariantName = "[No Variations]"
Add component (AddParameter): Name = "IsStocked"; Value = "False"; VariantName = "[No Variations]"
Add component (AddParameter): Name = "PN"; Value = "PN-491366"; VariantName = "[No Variations]"
Add component (AddParameter): Name = "SubCategory"; Value = "Mecaniques"; VariantName = "[No Variations]"
Add component (AddParameter): Name = "Value"; Value = "3.4"; VariantName = "[No Variations]"
Added Component: Designator=M2(MECH-UHD340)
Add component (AddParameter): Name = "Category"; Value = "Others"; VariantName = "[No Variations]"
Add component (AddParameter): Name = "IsStocked"; Value = "False"; VariantName = "[No Variations]"
Add component (AddParameter): Name = "PN"; Value = "PN-491366"; VariantName = "[No Variations]"
Add component (AddParameter): Name = "SubCategory"; Value = "Mecaniques"; VariantName = "[No Variations]"
Add component (AddParameter): Name = "Value"; Value = "3.4"; VariantName = "[No Variations]"
Added Component: Designator=M3(MECH-UHD340)
Add component (AddParameter): Name = "Category"; Value = "Others"; VariantName = "[No Variations]"
Add component (AddParameter): Name = "IsStocked"; Value = "False"; VariantName = "[No Variations]"
Add component (AddParameter): Name = "PN"; Value = "PN-491366"; VariantName = "[No Variations]"
Add component (AddParameter): Name = "SubCategory"; Value = "Mecaniques"; VariantName = "[No Variations]"
Add component (AddParameter): Name = "Value"; Value = "3.4"; VariantName = "[No Variations]"
Added Component: Designator=M4(MECH-UHD340)
Add component (AddParameter): Name = "Category"; Value = "Others"; VariantName = "[No Variations]"
Add component (AddParameter): Name = "IsStocked"; Value = "False"; VariantName = "[No Variations]"
Add component (AddParameter): Name = "PN"; Value = "PN-491366"; VariantName = "[No Variations]"
Add component (AddParameter): Name = "SubCategory"; Value = "Mecaniques"; VariantName = "[No Variations]"
Add component (AddParameter): Name = "Value"; Value = "3.4"; VariantName = "[No Variations]"
Added Component: Designator=Q1(FP-TO252_DPAK-MFG)
Add component (AddParameter): Name = "Automotive"; Value = "Yes"; VariantName = "[No Variations]"
Add component (AddParameter): Name = "Automotive Grade"; Value = "Grade 0"; VariantName = "[No Variations]"
Add component (AddParameter): Name = "Category"; Value = "Trans"; VariantName = "[No Variations]"
Add component (AddParameter): Name = "ComponentLink2Description"; Value = "Datasheet"; VariantName = "[No Variations]"
Add component (AddParameter): Name = "ComponentLink2URL"; Value = "https://www.diodes.com/assets/Datasheets/DMN6068LK3.pdf"; VariantName = "[No Variations]"
Add component (AddParameter): Name = "Continuous Drain Current"; Value = "6A"; VariantName = "[No Variations]"
Add component (AddParameter): Name = "Depletion Mode"; Value = "False"; VariantName = "[No Variations]"
Add component (AddParameter): Name = "Device Class L1"; Value = "Discrete Semiconductors"; VariantName = "[No Variations]"
Add component (AddParameter): Name = "Device Class L2"; Value = "Transistors"; VariantName = "[No Variations]"
Add component (AddParameter): Name = "Device Class L3"; Value = "MOSFETs"; VariantName = "[No Variations]"
Add component (AddParameter): Name = "Digikey Description"; Value = "MOSFET N-CH 60V 6A DPAK"; VariantName = "[No Variations]"
Add component (AddParameter): Name = "Drain To Source Breakdown Voltage"; Value = "60V"; VariantName = "[No Variations]"
Add component (AddParameter): Name = "Drain To Source Resistance"; Value = "0.068O"; VariantName = "[No Variations]"
Add component (AddParameter): Name = "Drain To Source Voltage"; Value = "60V"; VariantName = "[No Variations]"
Add component (AddParameter): Name = "Footprint Url"; Value = "https://www.diodes.com/assets/Package-Files/TO252-DPAK.pdf"; VariantName = "[No Variations]"
Add component (AddParameter): Name = "Gate Charge At Vgs"; Value = "10.3nC @ 10V"; VariantName = "[No Variations]"
Add component (AddParameter): Name = "Gate To Source Voltage"; Value = "20V"; VariantName = "[No Variations]"
Add component (AddParameter): Name = "Height"; Value = "2.52mm"; VariantName = "[No Variations]"
Add component (AddParameter): Name = "Input Capacitace At Vds"; Value = "502pF @ 30V"; VariantName = "[No Variations]"
Add component (AddParameter): Name = "Lead Free"; Value = "Yes"; VariantName = "[No Variations]"
Add component (AddParameter): Name = "Manufacturer"; Value = "Diodes Inc."; VariantName = "[No Variations]"
Add component (AddParameter): Name = "Manufacturer Part Number"; Value = "DMN6068LK3-13"; VariantName = "[No Variations]"
Add component (AddParameter): Name = "Max Forward Diode Voltage"; Value = "1.15V"; VariantName = "[No Variations]"
Add component (AddParameter): Name = "Max Junction Temp"; Value = "+150°C"; VariantName = "[No Variations]"
Add component (AddParameter): Name = "Mouser Description"; Value = "Supplied as a Tape, N-Channel MOSFET, 8.5 A, 60 V, 3-Pin DPAK Diodes Inc DMN6068LK3-13"; VariantName = "[No Variations]"
Add component (AddParameter): Name = "Number Of Channels"; Value = "1"; VariantName = "[No Variations]"
Add component (AddParameter): Name = "Number Of N Channels"; Value = "1"; VariantName = "[No Variations]"
Add component (AddParameter): Name = "Octopart"; Value = "https://octopart.com/dmn6068lk3-13-diodes+inc.-17947797"; VariantName = "[No Variations]"
Add component (AddParameter): Name = "Package"; Value = "TO252 (DPAK)"; VariantName = "[No Variations]"
Add component (AddParameter): Name = "Power Dissipation"; Value = "2.12W"; VariantName = "[No Variations]"
Add component (AddParameter): Name = "Pulse Drain Current"; Value = "22.2A"; VariantName = "[No Variations]"
Add component (AddParameter): Name = "Reverse Recovery Charge"; Value = "929nC"; VariantName = "[No Variations]"
Add component (AddParameter): Name = "Reverse Recovery Time"; Value = "145ns"; VariantName = "[No Variations]"
Add component (AddParameter): Name = "RoHS"; Value = "TRUE"; VariantName = "[No Variations]"
Add component (AddParameter): Name = "Rthja Max"; Value = "59°C/W"; VariantName = "[No Variations]"
Add component (AddParameter): Name = "Standoff Height"; Value = "0mm"; VariantName = "[No Variations]"
Add component (AddParameter): Name = "Temperature"; Value = "-55°C to +150°C"; VariantName = "[No Variations]"
Add component (AddParameter): Name = "Temperature Range High"; Value = "+150°C"; VariantName = "[No Variations]"
Add component (AddParameter): Name = "Temperature Range Low"; Value = "-55°C"; VariantName = "[No Variations]"
Add component (AddParameter): Name = "Threshold Vgs Max"; Value = "3V"; VariantName = "[No Variations]"
Add component (AddParameter): Name = "Threshold Vgs Min"; Value = "1V"; VariantName = "[No Variations]"
Add component (AddParameter): Name = "Transconductance"; Value = "19.7S"; VariantName = "[No Variations]"
Add component (AddParameter): Name = "Turn Off Delay Time"; Value = "11.9ns"; VariantName = "[No Variations]"
Add component (AddParameter): Name = "Turn On Delay Time"; Value = "3.6ns"; VariantName = "[No Variations]"
Add component (AddParameter): Name = "Typ Forward Diode Voltage"; Value = "0.98V"; VariantName = "[No Variations]"
Added Component: Designator=Q2(FP-TO252_DPAK-MFG)
Add component (AddParameter): Name = "Automotive"; Value = "Yes"; VariantName = "[No Variations]"
Add component (AddParameter): Name = "Automotive Grade"; Value = "Grade 0"; VariantName = "[No Variations]"
Add component (AddParameter): Name = "Category"; Value = "Trans"; VariantName = "[No Variations]"
Add component (AddParameter): Name = "ComponentLink2Description"; Value = "Datasheet"; VariantName = "[No Variations]"
Add component (AddParameter): Name = "ComponentLink2URL"; Value = "https://www.diodes.com/assets/Datasheets/DMN6068LK3.pdf"; VariantName = "[No Variations]"
Add component (AddParameter): Name = "Continuous Drain Current"; Value = "6A"; VariantName = "[No Variations]"
Add component (AddParameter): Name = "Depletion Mode"; Value = "False"; VariantName = "[No Variations]"
Add component (AddParameter): Name = "Device Class L1"; Value = "Discrete Semiconductors"; VariantName = "[No Variations]"
Add component (AddParameter): Name = "Device Class L2"; Value = "Transistors"; VariantName = "[No Variations]"
Add component (AddParameter): Name = "Device Class L3"; Value = "MOSFETs"; VariantName = "[No Variations]"
Add component (AddParameter): Name = "Digikey Description"; Value = "MOSFET N-CH 60V 6A DPAK"; VariantName = "[No Variations]"
Add component (AddParameter): Name = "Drain To Source Breakdown Voltage"; Value = "60V"; VariantName = "[No Variations]"
Add component (AddParameter): Name = "Drain To Source Resistance"; Value = "0.068O"; VariantName = "[No Variations]"
Add component (AddParameter): Name = "Drain To Source Voltage"; Value = "60V"; VariantName = "[No Variations]"
Add component (AddParameter): Name = "Footprint Url"; Value = "https://www.diodes.com/assets/Package-Files/TO252-DPAK.pdf"; VariantName = "[No Variations]"
Add component (AddParameter): Name = "Gate Charge At Vgs"; Value = "10.3nC @ 10V"; VariantName = "[No Variations]"
Add component (AddParameter): Name = "Gate To Source Voltage"; Value = "20V"; VariantName = "[No Variations]"
Add component (AddParameter): Name = "Height"; Value = "2.52mm"; VariantName = "[No Variations]"
Add component (AddParameter): Name = "Input Capacitace At Vds"; Value = "502pF @ 30V"; VariantName = "[No Variations]"
Add component (AddParameter): Name = "Lead Free"; Value = "Yes"; VariantName = "[No Variations]"
Add component (AddParameter): Name = "Manufacturer"; Value = "Diodes Inc."; VariantName = "[No Variations]"
Add component (AddParameter): Name = "Manufacturer Part Number"; Value = "DMN6068LK3-13"; VariantName = "[No Variations]"
Add component (AddParameter): Name = "Max Forward Diode Voltage"; Value = "1.15V"; VariantName = "[No Variations]"
Add component (AddParameter): Name = "Max Junction Temp"; Value = "+150°C"; VariantName = "[No Variations]"
Add component (AddParameter): Name = "Mouser Description"; Value = "Supplied as a Tape, N-Channel MOSFET, 8.5 A, 60 V, 3-Pin DPAK Diodes Inc DMN6068LK3-13"; VariantName = "[No Variations]"
Add component (AddParameter): Name = "Number Of Channels"; Value = "1"; VariantName = "[No Variations]"
Add component (AddParameter): Name = "Number Of N Channels"; Value = "1"; VariantName = "[No Variations]"
Add component (AddParameter): Name = "Octopart"; Value = "https://octopart.com/dmn6068lk3-13-diodes+inc.-17947797"; VariantName = "[No Variations]"
Add component (AddParameter): Name = "Package"; Value = "TO252 (DPAK)"; VariantName = "[No Variations]"
Add component (AddParameter): Name = "Power Dissipation"; Value = "2.12W"; VariantName = "[No Variations]"
Add component (AddParameter): Name = "Pulse Drain Current"; Value = "22.2A"; VariantName = "[No Variations]"
Add component (AddParameter): Name = "Reverse Recovery Charge"; Value = "929nC"; VariantName = "[No Variations]"
Add component (AddParameter): Name = "Reverse Recovery Time"; Value = "145ns"; VariantName = "[No Variations]"
Add component (AddParameter): Name = "RoHS"; Value = "TRUE"; VariantName = "[No Variations]"
Add component (AddParameter): Name = "Rthja Max"; Value = "59°C/W"; VariantName = "[No Variations]"
Add component (AddParameter): Name = "Standoff Height"; Value = "0mm"; VariantName = "[No Variations]"
Add component (AddParameter): Name = "Temperature"; Value = "-55°C to +150°C"; VariantName = "[No Variations]"
Add component (AddParameter): Name = "Temperature Range High"; Value = "+150°C"; VariantName = "[No Variations]"
Add component (AddParameter): Name = "Temperature Range Low"; Value = "-55°C"; VariantName = "[No Variations]"
Add component (AddParameter): Name = "Threshold Vgs Max"; Value = "3V"; VariantName = "[No Variations]"
Add component (AddParameter): Name = "Threshold Vgs Min"; Value = "1V"; VariantName = "[No Variations]"
Add component (AddParameter): Name = "Transconductance"; Value = "19.7S"; VariantName = "[No Variations]"
Add component (AddParameter): Name = "Turn Off Delay Time"; Value = "11.9ns"; VariantName = "[No Variations]"
Add component (AddParameter): Name = "Turn On Delay Time"; Value = "3.6ns"; VariantName = "[No Variations]"
Add component (AddParameter): Name = "Typ Forward Diode Voltage"; Value = "0.98V"; VariantName = "[No Variations]"
Added Component: Designator=Q3(FP-TO252_DPAK-MFG)
Add component (AddParameter): Name = "Automotive"; Value = "Yes"; VariantName = "[No Variations]"
Add component (AddParameter): Name = "Automotive Grade"; Value = "Grade 0"; VariantName = "[No Variations]"
Add component (AddParameter): Name = "Category"; Value = "Trans"; VariantName = "[No Variations]"
Add component (AddParameter): Name = "ComponentLink2Description"; Value = "Datasheet"; VariantName = "[No Variations]"
Add component (AddParameter): Name = "ComponentLink2URL"; Value = "https://www.diodes.com/assets/Datasheets/DMN6068LK3.pdf"; VariantName = "[No Variations]"
Add component (AddParameter): Name = "Continuous Drain Current"; Value = "6A"; VariantName = "[No Variations]"
Add component (AddParameter): Name = "Depletion Mode"; Value = "False"; VariantName = "[No Variations]"
Add component (AddParameter): Name = "Device Class L1"; Value = "Discrete Semiconductors"; VariantName = "[No Variations]"
Add component (AddParameter): Name = "Device Class L2"; Value = "Transistors"; VariantName = "[No Variations]"
Add component (AddParameter): Name = "Device Class L3"; Value = "MOSFETs"; VariantName = "[No Variations]"
Add component (AddParameter): Name = "Digikey Description"; Value = "MOSFET N-CH 60V 6A DPAK"; VariantName = "[No Variations]"
Add component (AddParameter): Name = "Drain To Source Breakdown Voltage"; Value = "60V"; VariantName = "[No Variations]"
Add component (AddParameter): Name = "Drain To Source Resistance"; Value = "0.068O"; VariantName = "[No Variations]"
Add component (AddParameter): Name = "Drain To Source Voltage"; Value = "60V"; VariantName = "[No Variations]"
Add component (AddParameter): Name = "Footprint Url"; Value = "https://www.diodes.com/assets/Package-Files/TO252-DPAK.pdf"; VariantName = "[No Variations]"
Add component (AddParameter): Name = "Gate Charge At Vgs"; Value = "10.3nC @ 10V"; VariantName = "[No Variations]"
Add component (AddParameter): Name = "Gate To Source Voltage"; Value = "20V"; VariantName = "[No Variations]"
Add component (AddParameter): Name = "Height"; Value = "2.52mm"; VariantName = "[No Variations]"
Add component (AddParameter): Name = "Input Capacitace At Vds"; Value = "502pF @ 30V"; VariantName = "[No Variations]"
Add component (AddParameter): Name = "Lead Free"; Value = "Yes"; VariantName = "[No Variations]"
Add component (AddParameter): Name = "Manufacturer"; Value = "Diodes Inc."; VariantName = "[No Variations]"
Add component (AddParameter): Name = "Manufacturer Part Number"; Value = "DMN6068LK3-13"; VariantName = "[No Variations]"
Add component (AddParameter): Name = "Max Forward Diode Voltage"; Value = "1.15V"; VariantName = "[No Variations]"
Add component (AddParameter): Name = "Max Junction Temp"; Value = "+150°C"; VariantName = "[No Variations]"
Add component (AddParameter): Name = "Mouser Description"; Value = "Supplied as a Tape, N-Channel MOSFET, 8.5 A, 60 V, 3-Pin DPAK Diodes Inc DMN6068LK3-13"; VariantName = "[No Variations]"
Add component (AddParameter): Name = "Number Of Channels"; Value = "1"; VariantName = "[No Variations]"
Add component (AddParameter): Name = "Number Of N Channels"; Value = "1"; VariantName = "[No Variations]"
Add component (AddParameter): Name = "Octopart"; Value = "https://octopart.com/dmn6068lk3-13-diodes+inc.-17947797"; VariantName = "[No Variations]"
Add component (AddParameter): Name = "Package"; Value = "TO252 (DPAK)"; VariantName = "[No Variations]"
Add component (AddParameter): Name = "Power Dissipation"; Value = "2.12W"; VariantName = "[No Variations]"
Add component (AddParameter): Name = "Pulse Drain Current"; Value = "22.2A"; VariantName = "[No Variations]"
Add component (AddParameter): Name = "Reverse Recovery Charge"; Value = "929nC"; VariantName = "[No Variations]"
Add component (AddParameter): Name = "Reverse Recovery Time"; Value = "145ns"; VariantName = "[No Variations]"
Add component (AddParameter): Name = "RoHS"; Value = "TRUE"; VariantName = "[No Variations]"
Add component (AddParameter): Name = "Rthja Max"; Value = "59°C/W"; VariantName = "[No Variations]"
Add component (AddParameter): Name = "Standoff Height"; Value = "0mm"; VariantName = "[No Variations]"
Add component (AddParameter): Name = "Temperature"; Value = "-55°C to +150°C"; VariantName = "[No Variations]"
Add component (AddParameter): Name = "Temperature Range High"; Value = "+150°C"; VariantName = "[No Variations]"
Add component (AddParameter): Name = "Temperature Range Low"; Value = "-55°C"; VariantName = "[No Variations]"
Add component (AddParameter): Name = "Threshold Vgs Max"; Value = "3V"; VariantName = "[No Variations]"
Add component (AddParameter): Name = "Threshold Vgs Min"; Value = "1V"; VariantName = "[No Variations]"
Add component (AddParameter): Name = "Transconductance"; Value = "19.7S"; VariantName = "[No Variations]"
Add component (AddParameter): Name = "Turn Off Delay Time"; Value = "11.9ns"; VariantName = "[No Variations]"
Add component (AddParameter): Name = "Turn On Delay Time"; Value = "3.6ns"; VariantName = "[No Variations]"
Add component (AddParameter): Name = "Typ Forward Diode Voltage"; Value = "0.98V"; VariantName = "[No Variations]"
Added Component: Designator=Q4(FP-TO252_DPAK-MFG)
Add component (AddParameter): Name = "Automotive"; Value = "Yes"; VariantName = "[No Variations]"
Add component (AddParameter): Name = "Automotive Grade"; Value = "Grade 0"; VariantName = "[No Variations]"
Add component (AddParameter): Name = "Category"; Value = "Trans"; VariantName = "[No Variations]"
Add component (AddParameter): Name = "ComponentLink2Description"; Value = "Datasheet"; VariantName = "[No Variations]"
Add component (AddParameter): Name = "ComponentLink2URL"; Value = "https://www.diodes.com/assets/Datasheets/DMN6068LK3.pdf"; VariantName = "[No Variations]"
Add component (AddParameter): Name = "Continuous Drain Current"; Value = "6A"; VariantName = "[No Variations]"
Add component (AddParameter): Name = "Depletion Mode"; Value = "False"; VariantName = "[No Variations]"
Add component (AddParameter): Name = "Device Class L1"; Value = "Discrete Semiconductors"; VariantName = "[No Variations]"
Add component (AddParameter): Name = "Device Class L2"; Value = "Transistors"; VariantName = "[No Variations]"
Add component (AddParameter): Name = "Device Class L3"; Value = "MOSFETs"; VariantName = "[No Variations]"
Add component (AddParameter): Name = "Digikey Description"; Value = "MOSFET N-CH 60V 6A DPAK"; VariantName = "[No Variations]"
Add component (AddParameter): Name = "Drain To Source Breakdown Voltage"; Value = "60V"; VariantName = "[No Variations]"
Add component (AddParameter): Name = "Drain To Source Resistance"; Value = "0.068O"; VariantName = "[No Variations]"
Add component (AddParameter): Name = "Drain To Source Voltage"; Value = "60V"; VariantName = "[No Variations]"
Add component (AddParameter): Name = "Footprint Url"; Value = "https://www.diodes.com/assets/Package-Files/TO252-DPAK.pdf"; VariantName = "[No Variations]"
Add component (AddParameter): Name = "Gate Charge At Vgs"; Value = "10.3nC @ 10V"; VariantName = "[No Variations]"
Add component (AddParameter): Name = "Gate To Source Voltage"; Value = "20V"; VariantName = "[No Variations]"
Add component (AddParameter): Name = "Height"; Value = "2.52mm"; VariantName = "[No Variations]"
Add component (AddParameter): Name = "Input Capacitace At Vds"; Value = "502pF @ 30V"; VariantName = "[No Variations]"
Add component (AddParameter): Name = "Lead Free"; Value = "Yes"; VariantName = "[No Variations]"
Add component (AddParameter): Name = "Manufacturer"; Value = "Diodes Inc."; VariantName = "[No Variations]"
Add component (AddParameter): Name = "Manufacturer Part Number"; Value = "DMN6068LK3-13"; VariantName = "[No Variations]"
Add component (AddParameter): Name = "Max Forward Diode Voltage"; Value = "1.15V"; VariantName = "[No Variations]"
Add component (AddParameter): Name = "Max Junction Temp"; Value = "+150°C"; VariantName = "[No Variations]"
Add component (AddParameter): Name = "Mouser Description"; Value = "Supplied as a Tape, N-Channel MOSFET, 8.5 A, 60 V, 3-Pin DPAK Diodes Inc DMN6068LK3-13"; VariantName = "[No Variations]"
Add component (AddParameter): Name = "Number Of Channels"; Value = "1"; VariantName = "[No Variations]"
Add component (AddParameter): Name = "Number Of N Channels"; Value = "1"; VariantName = "[No Variations]"
Add component (AddParameter): Name = "Octopart"; Value = "https://octopart.com/dmn6068lk3-13-diodes+inc.-17947797"; VariantName = "[No Variations]"
Add component (AddParameter): Name = "Package"; Value = "TO252 (DPAK)"; VariantName = "[No Variations]"
Add component (AddParameter): Name = "Power Dissipation"; Value = "2.12W"; VariantName = "[No Variations]"
Add component (AddParameter): Name = "Pulse Drain Current"; Value = "22.2A"; VariantName = "[No Variations]"
Add component (AddParameter): Name = "Reverse Recovery Charge"; Value = "929nC"; VariantName = "[No Variations]"
Add component (AddParameter): Name = "Reverse Recovery Time"; Value = "145ns"; VariantName = "[No Variations]"
Add component (AddParameter): Name = "RoHS"; Value = "TRUE"; VariantName = "[No Variations]"
Add component (AddParameter): Name = "Rthja Max"; Value = "59°C/W"; VariantName = "[No Variations]"
Add component (AddParameter): Name = "Standoff Height"; Value = "0mm"; VariantName = "[No Variations]"
Add component (AddParameter): Name = "Temperature"; Value = "-55°C to +150°C"; VariantName = "[No Variations]"
Add component (AddParameter): Name = "Temperature Range High"; Value = "+150°C"; VariantName = "[No Variations]"
Add component (AddParameter): Name = "Temperature Range Low"; Value = "-55°C"; VariantName = "[No Variations]"
Add component (AddParameter): Name = "Threshold Vgs Max"; Value = "3V"; VariantName = "[No Variations]"
Add component (AddParameter): Name = "Threshold Vgs Min"; Value = "1V"; VariantName = "[No Variations]"
Add component (AddParameter): Name = "Transconductance"; Value = "19.7S"; VariantName = "[No Variations]"
Add component (AddParameter): Name = "Turn Off Delay Time"; Value = "11.9ns"; VariantName = "[No Variations]"
Add component (AddParameter): Name = "Turn On Delay Time"; Value = "3.6ns"; VariantName = "[No Variations]"
Add component (AddParameter): Name = "Typ Forward Diode Voltage"; Value = "0.98V"; VariantName = "[No Variations]"
Added Component: Designator=R1(RESC2012X06M)
Add component (AddParameter): Name = "Category"; Value = "Passives"; VariantName = "[No Variations]"
Add component (AddParameter): Name = "Current"; Value = ""; VariantName = "[No Variations]"
Add component (AddParameter): Name = "Dielectric"; Value = ""; VariantName = "[No Variations]"
Add component (AddParameter): Name = "IsStocked"; Value = "1"; VariantName = "[No Variations]"
Add component (AddParameter): Name = "Manufacturer"; Value = "Yageo"; VariantName = "[No Variations]"
Add component (AddParameter): Name = "Manufacturer Number"; Value = "RC0805FR-07100RL"; VariantName = "[No Variations]"
Add component (AddParameter): Name = "PN"; Value = "PN-217910"; VariantName = "[No Variations]"
Add component (AddParameter): Name = "Power"; Value = "0.125W"; VariantName = "[No Variations]"
Add component (AddParameter): Name = "SubCategory"; Value = "Resistances couche epaisse"; VariantName = "[No Variations]"
Add component (AddParameter): Name = "Supplier 1"; Value = "ETML"; VariantName = "[No Variations]"
Add component (AddParameter): Name = "Supplier Part Number 1"; Value = "FAB.0805_R 100R"; VariantName = "[No Variations]"
Add component (AddParameter): Name = "Supplier Price 1"; Value = "0.0200"; VariantName = "[No Variations]"
Add component (AddParameter): Name = "TemperatureCoeff"; Value = "±200ppm/°C"; VariantName = "[No Variations]"
Add component (AddParameter): Name = "TemperatureRange"; Value = "-55°C to 155°C"; VariantName = "[No Variations]"
Add component (AddParameter): Name = "Tolerance"; Value = "±1%"; VariantName = "[No Variations]"
Add component (AddParameter): Name = "Value"; Value = "100"; VariantName = "[No Variations]"
Add component (AddParameter): Name = "Voltage"; Value = "150V"; VariantName = "[No Variations]"
Added Component: Designator=R2(RESC2012X06M)
Add component (AddParameter): Name = "Category"; Value = "Passives"; VariantName = "[No Variations]"
Add component (AddParameter): Name = "Current"; Value = ""; VariantName = "[No Variations]"
Add component (AddParameter): Name = "Dielectric"; Value = ""; VariantName = "[No Variations]"
Add component (AddParameter): Name = "IsStocked"; Value = "1"; VariantName = "[No Variations]"
Add component (AddParameter): Name = "Manufacturer"; Value = "Yageo"; VariantName = "[No Variations]"
Add component (AddParameter): Name = "Manufacturer Number"; Value = "RC0805FR-07100KL"; VariantName = "[No Variations]"
Add component (AddParameter): Name = "PN"; Value = "PN-903408"; VariantName = "[No Variations]"
Add component (AddParameter): Name = "Power"; Value = "0.125W"; VariantName = "[No Variations]"
Add component (AddParameter): Name = "SubCategory"; Value = "Resistances couche epaisse"; VariantName = "[No Variations]"
Add component (AddParameter): Name = "Supplier 1"; Value = "ETML"; VariantName = "[No Variations]"
Add component (AddParameter): Name = "Supplier Part Number 1"; Value = "FAB.0805_R 100k"; VariantName = "[No Variations]"
Add component (AddParameter): Name = "Supplier Price 1"; Value = "0.0200"; VariantName = "[No Variations]"
Add component (AddParameter): Name = "TemperatureCoeff"; Value = "±200ppm/°C"; VariantName = "[No Variations]"
Add component (AddParameter): Name = "TemperatureRange"; Value = "-55°C to 155°C"; VariantName = "[No Variations]"
Add component (AddParameter): Name = "Tolerance"; Value = "±1%"; VariantName = "[No Variations]"
Add component (AddParameter): Name = "Value"; Value = "100k"; VariantName = "[No Variations]"
Add component (AddParameter): Name = "Voltage"; Value = "150V"; VariantName = "[No Variations]"
Added Component: Designator=R3(RESC2012X06M)
Add component (AddParameter): Name = "Category"; Value = "Passives"; VariantName = "[No Variations]"
Add component (AddParameter): Name = "Current"; Value = ""; VariantName = "[No Variations]"
Add component (AddParameter): Name = "Dielectric"; Value = ""; VariantName = "[No Variations]"
Add component (AddParameter): Name = "IsStocked"; Value = "1"; VariantName = "[No Variations]"
Add component (AddParameter): Name = "Manufacturer"; Value = "Yageo"; VariantName = "[No Variations]"
Add component (AddParameter): Name = "Manufacturer Number"; Value = "RC0805FR-07100RL"; VariantName = "[No Variations]"
Add component (AddParameter): Name = "PN"; Value = "PN-217910"; VariantName = "[No Variations]"
Add component (AddParameter): Name = "Power"; Value = "0.125W"; VariantName = "[No Variations]"
Add component (AddParameter): Name = "SubCategory"; Value = "Resistances couche epaisse"; VariantName = "[No Variations]"
Add component (AddParameter): Name = "Supplier 1"; Value = "ETML"; VariantName = "[No Variations]"
Add component (AddParameter): Name = "Supplier Part Number 1"; Value = "FAB.0805_R 100R"; VariantName = "[No Variations]"
Add component (AddParameter): Name = "Supplier Price 1"; Value = "0.0200"; VariantName = "[No Variations]"
Add component (AddParameter): Name = "TemperatureCoeff"; Value = "±200ppm/°C"; VariantName = "[No Variations]"
Add component (AddParameter): Name = "TemperatureRange"; Value = "-55°C to 155°C"; VariantName = "[No Variations]"
Add component (AddParameter): Name = "Tolerance"; Value = "±1%"; VariantName = "[No Variations]"
Add component (AddParameter): Name = "Value"; Value = "100"; VariantName = "[No Variations]"
Add component (AddParameter): Name = "Voltage"; Value = "150V"; VariantName = "[No Variations]"
Added Component: Designator=R4(RESC2012X06M)
Add component (AddParameter): Name = "Category"; Value = "Passives"; VariantName = "[No Variations]"
Add component (AddParameter): Name = "Current"; Value = ""; VariantName = "[No Variations]"
Add component (AddParameter): Name = "Dielectric"; Value = ""; VariantName = "[No Variations]"
Add component (AddParameter): Name = "IsStocked"; Value = "1"; VariantName = "[No Variations]"
Add component (AddParameter): Name = "Manufacturer"; Value = "Yageo"; VariantName = "[No Variations]"
Add component (AddParameter): Name = "Manufacturer Number"; Value = "RC0805FR-07100RL"; VariantName = "[No Variations]"
Add component (AddParameter): Name = "PN"; Value = "PN-217910"; VariantName = "[No Variations]"
Add component (AddParameter): Name = "Power"; Value = "0.125W"; VariantName = "[No Variations]"
Add component (AddParameter): Name = "SubCategory"; Value = "Resistances couche epaisse"; VariantName = "[No Variations]"
Add component (AddParameter): Name = "Supplier 1"; Value = "ETML"; VariantName = "[No Variations]"
Add component (AddParameter): Name = "Supplier Part Number 1"; Value = "FAB.0805_R 100R"; VariantName = "[No Variations]"
Add component (AddParameter): Name = "Supplier Price 1"; Value = "0.0200"; VariantName = "[No Variations]"
Add component (AddParameter): Name = "TemperatureCoeff"; Value = "±200ppm/°C"; VariantName = "[No Variations]"
Add component (AddParameter): Name = "TemperatureRange"; Value = "-55°C to 155°C"; VariantName = "[No Variations]"
Add component (AddParameter): Name = "Tolerance"; Value = "±1%"; VariantName = "[No Variations]"
Add component (AddParameter): Name = "Value"; Value = "100"; VariantName = "[No Variations]"
Add component (AddParameter): Name = "Voltage"; Value = "150V"; VariantName = "[No Variations]"
Added Component: Designator=R5(RESC2012X06M)
Add component (AddParameter): Name = "Category"; Value = "Passives"; VariantName = "[No Variations]"
Add component (AddParameter): Name = "Current"; Value = ""; VariantName = "[No Variations]"
Add component (AddParameter): Name = "Dielectric"; Value = ""; VariantName = "[No Variations]"
Add component (AddParameter): Name = "IsStocked"; Value = "1"; VariantName = "[No Variations]"
Add component (AddParameter): Name = "Manufacturer"; Value = "Yageo"; VariantName = "[No Variations]"
Add component (AddParameter): Name = "Manufacturer Number"; Value = "RC0805FR-07100KL"; VariantName = "[No Variations]"
Add component (AddParameter): Name = "PN"; Value = "PN-903408"; VariantName = "[No Variations]"
Add component (AddParameter): Name = "Power"; Value = "0.125W"; VariantName = "[No Variations]"
Add component (AddParameter): Name = "SubCategory"; Value = "Resistances couche epaisse"; VariantName = "[No Variations]"
Add component (AddParameter): Name = "Supplier 1"; Value = "ETML"; VariantName = "[No Variations]"
Add component (AddParameter): Name = "Supplier Part Number 1"; Value = "FAB.0805_R 100k"; VariantName = "[No Variations]"
Add component (AddParameter): Name = "Supplier Price 1"; Value = "0.0200"; VariantName = "[No Variations]"
Add component (AddParameter): Name = "TemperatureCoeff"; Value = "±200ppm/°C"; VariantName = "[No Variations]"
Add component (AddParameter): Name = "TemperatureRange"; Value = "-55°C to 155°C"; VariantName = "[No Variations]"
Add component (AddParameter): Name = "Tolerance"; Value = "±1%"; VariantName = "[No Variations]"
Add component (AddParameter): Name = "Value"; Value = "100k"; VariantName = "[No Variations]"
Add component (AddParameter): Name = "Voltage"; Value = "150V"; VariantName = "[No Variations]"
Added Component: Designator=R6(RESC2012X06M)
Add component (AddParameter): Name = "Category"; Value = "Passives"; VariantName = "[No Variations]"
Add component (AddParameter): Name = "Current"; Value = ""; VariantName = "[No Variations]"
Add component (AddParameter): Name = "Dielectric"; Value = ""; VariantName = "[No Variations]"
Add component (AddParameter): Name = "IsStocked"; Value = "1"; VariantName = "[No Variations]"
Add component (AddParameter): Name = "Manufacturer"; Value = "Yageo"; VariantName = "[No Variations]"
Add component (AddParameter): Name = "Manufacturer Number"; Value = "RC0805FR-07100RL"; VariantName = "[No Variations]"
Add component (AddParameter): Name = "PN"; Value = "PN-217910"; VariantName = "[No Variations]"
Add component (AddParameter): Name = "Power"; Value = "0.125W"; VariantName = "[No Variations]"
Add component (AddParameter): Name = "SubCategory"; Value = "Resistances couche epaisse"; VariantName = "[No Variations]"
Add component (AddParameter): Name = "Supplier 1"; Value = "ETML"; VariantName = "[No Variations]"
Add component (AddParameter): Name = "Supplier Part Number 1"; Value = "FAB.0805_R 100R"; VariantName = "[No Variations]"
Add component (AddParameter): Name = "Supplier Price 1"; Value = "0.0200"; VariantName = "[No Variations]"
Add component (AddParameter): Name = "TemperatureCoeff"; Value = "±200ppm/°C"; VariantName = "[No Variations]"
Add component (AddParameter): Name = "TemperatureRange"; Value = "-55°C to 155°C"; VariantName = "[No Variations]"
Add component (AddParameter): Name = "Tolerance"; Value = "±1%"; VariantName = "[No Variations]"
Add component (AddParameter): Name = "Value"; Value = "100"; VariantName = "[No Variations]"
Add component (AddParameter): Name = "Voltage"; Value = "150V"; VariantName = "[No Variations]"
Added Component: Designator=R7(RESC2012X06M)
Add component (AddParameter): Name = "Category"; Value = "Passives"; VariantName = "[No Variations]"
Add component (AddParameter): Name = "Current"; Value = ""; VariantName = "[No Variations]"
Add component (AddParameter): Name = "Dielectric"; Value = ""; VariantName = "[No Variations]"
Add component (AddParameter): Name = "IsStocked"; Value = "1"; VariantName = "[No Variations]"
Add component (AddParameter): Name = "Manufacturer"; Value = "Yageo"; VariantName = "[No Variations]"
Add component (AddParameter): Name = "Manufacturer Number"; Value = "RC0805FR-0768KL"; VariantName = "[No Variations]"
Add component (AddParameter): Name = "PN"; Value = "PN-665325"; VariantName = "[No Variations]"
Add component (AddParameter): Name = "Power"; Value = "0.125W"; VariantName = "[No Variations]"
Add component (AddParameter): Name = "SubCategory"; Value = "Resistances couche epaisse"; VariantName = "[No Variations]"
Add component (AddParameter): Name = "Supplier 1"; Value = "ETML"; VariantName = "[No Variations]"
Add component (AddParameter): Name = "Supplier Part Number 1"; Value = "FAB.0805_R 68k"; VariantName = "[No Variations]"
Add component (AddParameter): Name = "Supplier Price 1"; Value = "0.0200"; VariantName = "[No Variations]"
Add component (AddParameter): Name = "TemperatureCoeff"; Value = "±200ppm/°C"; VariantName = "[No Variations]"
Add component (AddParameter): Name = "TemperatureRange"; Value = "-55°C to 155°C"; VariantName = "[No Variations]"
Add component (AddParameter): Name = "Tolerance"; Value = "±1%"; VariantName = "[No Variations]"
Add component (AddParameter): Name = "Value"; Value = "68k"; VariantName = "[No Variations]"
Add component (AddParameter): Name = "Voltage"; Value = "150V"; VariantName = "[No Variations]"
Added Component: Designator=R8(RESC2012X06M)
Add component (AddParameter): Name = "Category"; Value = "Passives"; VariantName = "[No Variations]"
Add component (AddParameter): Name = "Current"; Value = ""; VariantName = "[No Variations]"
Add component (AddParameter): Name = "Dielectric"; Value = ""; VariantName = "[No Variations]"
Add component (AddParameter): Name = "IsStocked"; Value = "1"; VariantName = "[No Variations]"
Add component (AddParameter): Name = "Manufacturer"; Value = "Yageo"; VariantName = "[No Variations]"
Add component (AddParameter): Name = "Manufacturer Number"; Value = "RC0805FR-0768KL"; VariantName = "[No Variations]"
Add component (AddParameter): Name = "PN"; Value = "PN-665325"; VariantName = "[No Variations]"
Add component (AddParameter): Name = "Power"; Value = "0.125W"; VariantName = "[No Variations]"
Add component (AddParameter): Name = "SubCategory"; Value = "Resistances couche epaisse"; VariantName = "[No Variations]"
Add component (AddParameter): Name = "Supplier 1"; Value = "ETML"; VariantName = "[No Variations]"
Add component (AddParameter): Name = "Supplier Part Number 1"; Value = "FAB.0805_R 68k"; VariantName = "[No Variations]"
Add component (AddParameter): Name = "Supplier Price 1"; Value = "0.0200"; VariantName = "[No Variations]"
Add component (AddParameter): Name = "TemperatureCoeff"; Value = "±200ppm/°C"; VariantName = "[No Variations]"
Add component (AddParameter): Name = "TemperatureRange"; Value = "-55°C to 155°C"; VariantName = "[No Variations]"
Add component (AddParameter): Name = "Tolerance"; Value = "±1%"; VariantName = "[No Variations]"
Add component (AddParameter): Name = "Value"; Value = "68k"; VariantName = "[No Variations]"
Add component (AddParameter): Name = "Voltage"; Value = "150V"; VariantName = "[No Variations]"
Added Component: Designator=R9(RESC2012X06M)
Add component (AddParameter): Name = "Category"; Value = "Passives"; VariantName = "[No Variations]"
Add component (AddParameter): Name = "Current"; Value = ""; VariantName = "[No Variations]"
Add component (AddParameter): Name = "Dielectric"; Value = ""; VariantName = "[No Variations]"
Add component (AddParameter): Name = "IsStocked"; Value = "1"; VariantName = "[No Variations]"
Add component (AddParameter): Name = "Manufacturer"; Value = "Yageo"; VariantName = "[No Variations]"
Add component (AddParameter): Name = "Manufacturer Number"; Value = "RC0805FR-0768KL"; VariantName = "[No Variations]"
Add component (AddParameter): Name = "PN"; Value = "PN-665325"; VariantName = "[No Variations]"
Add component (AddParameter): Name = "Power"; Value = "0.125W"; VariantName = "[No Variations]"
Add component (AddParameter): Name = "SubCategory"; Value = "Resistances couche epaisse"; VariantName = "[No Variations]"
Add component (AddParameter): Name = "Supplier 1"; Value = "ETML"; VariantName = "[No Variations]"
Add component (AddParameter): Name = "Supplier Part Number 1"; Value = "FAB.0805_R 68k"; VariantName = "[No Variations]"
Add component (AddParameter): Name = "Supplier Price 1"; Value = "0.0200"; VariantName = "[No Variations]"
Add component (AddParameter): Name = "TemperatureCoeff"; Value = "±200ppm/°C"; VariantName = "[No Variations]"
Add component (AddParameter): Name = "TemperatureRange"; Value = "-55°C to 155°C"; VariantName = "[No Variations]"
Add component (AddParameter): Name = "Tolerance"; Value = "±1%"; VariantName = "[No Variations]"
Add component (AddParameter): Name = "Value"; Value = "68k"; VariantName = "[No Variations]"
Add component (AddParameter): Name = "Voltage"; Value = "150V"; VariantName = "[No Variations]"
Added Component: Designator=R10(RESC2012X06M)
Add component (AddParameter): Name = "Category"; Value = "Passives"; VariantName = "[No Variations]"
Add component (AddParameter): Name = "Current"; Value = ""; VariantName = "[No Variations]"
Add component (AddParameter): Name = "Dielectric"; Value = ""; VariantName = "[No Variations]"
Add component (AddParameter): Name = "IsStocked"; Value = "1"; VariantName = "[No Variations]"
Add component (AddParameter): Name = "Manufacturer"; Value = "Yageo"; VariantName = "[No Variations]"
Add component (AddParameter): Name = "Manufacturer Number"; Value = "RC0805FR-0768KL"; VariantName = "[No Variations]"
Add component (AddParameter): Name = "PN"; Value = "PN-665325"; VariantName = "[No Variations]"
Add component (AddParameter): Name = "Power"; Value = "0.125W"; VariantName = "[No Variations]"
Add component (AddParameter): Name = "SubCategory"; Value = "Resistances couche epaisse"; VariantName = "[No Variations]"
Add component (AddParameter): Name = "Supplier 1"; Value = "ETML"; VariantName = "[No Variations]"
Add component (AddParameter): Name = "Supplier Part Number 1"; Value = "FAB.0805_R 68k"; VariantName = "[No Variations]"
Add component (AddParameter): Name = "Supplier Price 1"; Value = "0.0200"; VariantName = "[No Variations]"
Add component (AddParameter): Name = "TemperatureCoeff"; Value = "±200ppm/°C"; VariantName = "[No Variations]"
Add component (AddParameter): Name = "TemperatureRange"; Value = "-55°C to 155°C"; VariantName = "[No Variations]"
Add component (AddParameter): Name = "Tolerance"; Value = "±1%"; VariantName = "[No Variations]"
Add component (AddParameter): Name = "Value"; Value = "68k"; VariantName = "[No Variations]"
Add component (AddParameter): Name = "Voltage"; Value = "150V"; VariantName = "[No Variations]"
Added Component: Designator=R11(RESC2012X06M)
Add component (AddParameter): Name = "Category"; Value = "Passives"; VariantName = "[No Variations]"
Add component (AddParameter): Name = "Current"; Value = ""; VariantName = "[No Variations]"
Add component (AddParameter): Name = "Dielectric"; Value = ""; VariantName = "[No Variations]"
Add component (AddParameter): Name = "IsStocked"; Value = "1"; VariantName = "[No Variations]"
Add component (AddParameter): Name = "Manufacturer"; Value = "Yageo"; VariantName = "[No Variations]"
Add component (AddParameter): Name = "Manufacturer Number"; Value = "RC0805FR-0768KL"; VariantName = "[No Variations]"
Add component (AddParameter): Name = "PN"; Value = "PN-665325"; VariantName = "[No Variations]"
Add component (AddParameter): Name = "Power"; Value = "0.125W"; VariantName = "[No Variations]"
Add component (AddParameter): Name = "SubCategory"; Value = "Resistances couche epaisse"; VariantName = "[No Variations]"
Add component (AddParameter): Name = "Supplier 1"; Value = "ETML"; VariantName = "[No Variations]"
Add component (AddParameter): Name = "Supplier Part Number 1"; Value = "FAB.0805_R 68k"; VariantName = "[No Variations]"
Add component (AddParameter): Name = "Supplier Price 1"; Value = "0.0200"; VariantName = "[No Variations]"
Add component (AddParameter): Name = "TemperatureCoeff"; Value = "±200ppm/°C"; VariantName = "[No Variations]"
Add component (AddParameter): Name = "TemperatureRange"; Value = "-55°C to 155°C"; VariantName = "[No Variations]"
Add component (AddParameter): Name = "Tolerance"; Value = "±1%"; VariantName = "[No Variations]"
Add component (AddParameter): Name = "Value"; Value = "68k"; VariantName = "[No Variations]"
Add component (AddParameter): Name = "Voltage"; Value = "150V"; VariantName = "[No Variations]"
Added Component: Designator=R12(RESC2012X06M)
Add component (AddParameter): Name = "Category"; Value = "Passives"; VariantName = "[No Variations]"
Add component (AddParameter): Name = "Current"; Value = ""; VariantName = "[No Variations]"
Add component (AddParameter): Name = "Dielectric"; Value = ""; VariantName = "[No Variations]"
Add component (AddParameter): Name = "IsStocked"; Value = "1"; VariantName = "[No Variations]"
Add component (AddParameter): Name = "Manufacturer"; Value = "Yageo"; VariantName = "[No Variations]"
Add component (AddParameter): Name = "Manufacturer Number"; Value = "RC0805FR-0768KL"; VariantName = "[No Variations]"
Add component (AddParameter): Name = "PN"; Value = "PN-665325"; VariantName = "[No Variations]"
Add component (AddParameter): Name = "Power"; Value = "0.125W"; VariantName = "[No Variations]"
Add component (AddParameter): Name = "SubCategory"; Value = "Resistances couche epaisse"; VariantName = "[No Variations]"
Add component (AddParameter): Name = "Supplier 1"; Value = "ETML"; VariantName = "[No Variations]"
Add component (AddParameter): Name = "Supplier Part Number 1"; Value = "FAB.0805_R 68k"; VariantName = "[No Variations]"
Add component (AddParameter): Name = "Supplier Price 1"; Value = "0.0200"; VariantName = "[No Variations]"
Add component (AddParameter): Name = "TemperatureCoeff"; Value = "±200ppm/°C"; VariantName = "[No Variations]"
Add component (AddParameter): Name = "TemperatureRange"; Value = "-55°C to 155°C"; VariantName = "[No Variations]"
Add component (AddParameter): Name = "Tolerance"; Value = "±1%"; VariantName = "[No Variations]"
Add component (AddParameter): Name = "Value"; Value = "68k"; VariantName = "[No Variations]"
Add component (AddParameter): Name = "Voltage"; Value = "150V"; VariantName = "[No Variations]"
Added Component: Designator=R13(RESC2012X06M)
Add component (AddParameter): Name = "Category"; Value = "Passives"; VariantName = "[No Variations]"
Add component (AddParameter): Name = "Current"; Value = ""; VariantName = "[No Variations]"
Add component (AddParameter): Name = "Dielectric"; Value = ""; VariantName = "[No Variations]"
Add component (AddParameter): Name = "IsStocked"; Value = "1"; VariantName = "[No Variations]"
Add component (AddParameter): Name = "Manufacturer"; Value = "Yageo"; VariantName = "[No Variations]"
Add component (AddParameter): Name = "Manufacturer Number"; Value = "RC0805FR-0768KL"; VariantName = "[No Variations]"
Add component (AddParameter): Name = "PN"; Value = "PN-665325"; VariantName = "[No Variations]"
Add component (AddParameter): Name = "Power"; Value = "0.125W"; VariantName = "[No Variations]"
Add component (AddParameter): Name = "SubCategory"; Value = "Resistances couche epaisse"; VariantName = "[No Variations]"
Add component (AddParameter): Name = "Supplier 1"; Value = "ETML"; VariantName = "[No Variations]"
Add component (AddParameter): Name = "Supplier Part Number 1"; Value = "FAB.0805_R 68k"; VariantName = "[No Variations]"
Add component (AddParameter): Name = "Supplier Price 1"; Value = "0.0200"; VariantName = "[No Variations]"
Add component (AddParameter): Name = "TemperatureCoeff"; Value = "±200ppm/°C"; VariantName = "[No Variations]"
Add component (AddParameter): Name = "TemperatureRange"; Value = "-55°C to 155°C"; VariantName = "[No Variations]"
Add component (AddParameter): Name = "Tolerance"; Value = "±1%"; VariantName = "[No Variations]"
Add component (AddParameter): Name = "Value"; Value = "68k"; VariantName = "[No Variations]"
Add component (AddParameter): Name = "Voltage"; Value = "150V"; VariantName = "[No Variations]"
Added Component: Designator=R14(RESC2012X06M)
Add component (AddParameter): Name = "Category"; Value = "Passives"; VariantName = "[No Variations]"
Add component (AddParameter): Name = "Current"; Value = ""; VariantName = "[No Variations]"
Add component (AddParameter): Name = "Dielectric"; Value = ""; VariantName = "[No Variations]"
Add component (AddParameter): Name = "IsStocked"; Value = "1"; VariantName = "[No Variations]"
Add component (AddParameter): Name = "Manufacturer"; Value = "Yageo"; VariantName = "[No Variations]"
Add component (AddParameter): Name = "Manufacturer Number"; Value = "RC0805FR-0768KL"; VariantName = "[No Variations]"
Add component (AddParameter): Name = "PN"; Value = "PN-665325"; VariantName = "[No Variations]"
Add component (AddParameter): Name = "Power"; Value = "0.125W"; VariantName = "[No Variations]"
Add component (AddParameter): Name = "SubCategory"; Value = "Resistances couche epaisse"; VariantName = "[No Variations]"
Add component (AddParameter): Name = "Supplier 1"; Value = "ETML"; VariantName = "[No Variations]"
Add component (AddParameter): Name = "Supplier Part Number 1"; Value = "FAB.0805_R 68k"; VariantName = "[No Variations]"
Add component (AddParameter): Name = "Supplier Price 1"; Value = "0.0200"; VariantName = "[No Variations]"
Add component (AddParameter): Name = "TemperatureCoeff"; Value = "±200ppm/°C"; VariantName = "[No Variations]"
Add component (AddParameter): Name = "TemperatureRange"; Value = "-55°C to 155°C"; VariantName = "[No Variations]"
Add component (AddParameter): Name = "Tolerance"; Value = "±1%"; VariantName = "[No Variations]"
Add component (AddParameter): Name = "Value"; Value = "68k"; VariantName = "[No Variations]"
Add component (AddParameter): Name = "Voltage"; Value = "150V"; VariantName = "[No Variations]"
Added Component: Designator=R15(RESC2012X06M)
Add component (AddParameter): Name = "Category"; Value = "Passives"; VariantName = "[No Variations]"
Add component (AddParameter): Name = "Current"; Value = ""; VariantName = "[No Variations]"
Add component (AddParameter): Name = "Dielectric"; Value = ""; VariantName = "[No Variations]"
Add component (AddParameter): Name = "IsStocked"; Value = "1"; VariantName = "[No Variations]"
Add component (AddParameter): Name = "Manufacturer"; Value = "Yageo"; VariantName = "[No Variations]"
Add component (AddParameter): Name = "Manufacturer Number"; Value = "RC0805FR-0768KL"; VariantName = "[No Variations]"
Add component (AddParameter): Name = "PN"; Value = "PN-665325"; VariantName = "[No Variations]"
Add component (AddParameter): Name = "Power"; Value = "0.125W"; VariantName = "[No Variations]"
Add component (AddParameter): Name = "SubCategory"; Value = "Resistances couche epaisse"; VariantName = "[No Variations]"
Add component (AddParameter): Name = "Supplier 1"; Value = "ETML"; VariantName = "[No Variations]"
Add component (AddParameter): Name = "Supplier Part Number 1"; Value = "FAB.0805_R 68k"; VariantName = "[No Variations]"
Add component (AddParameter): Name = "Supplier Price 1"; Value = "0.0200"; VariantName = "[No Variations]"
Add component (AddParameter): Name = "TemperatureCoeff"; Value = "±200ppm/°C"; VariantName = "[No Variations]"
Add component (AddParameter): Name = "TemperatureRange"; Value = "-55°C to 155°C"; VariantName = "[No Variations]"
Add component (AddParameter): Name = "Tolerance"; Value = "±1%"; VariantName = "[No Variations]"
Add component (AddParameter): Name = "Value"; Value = "68k"; VariantName = "[No Variations]"
Add component (AddParameter): Name = "Voltage"; Value = "150V"; VariantName = "[No Variations]"
Added Component: Designator=R16(RESC2012X06M)
Add component (AddParameter): Name = "Category"; Value = "Passives"; VariantName = "[No Variations]"
Add component (AddParameter): Name = "Current"; Value = ""; VariantName = "[No Variations]"
Add component (AddParameter): Name = "Dielectric"; Value = ""; VariantName = "[No Variations]"
Add component (AddParameter): Name = "IsStocked"; Value = "1"; VariantName = "[No Variations]"
Add component (AddParameter): Name = "Manufacturer"; Value = "Yageo"; VariantName = "[No Variations]"
Add component (AddParameter): Name = "Manufacturer Number"; Value = "RC0805FR-0768KL"; VariantName = "[No Variations]"
Add component (AddParameter): Name = "PN"; Value = "PN-665325"; VariantName = "[No Variations]"
Add component (AddParameter): Name = "Power"; Value = "0.125W"; VariantName = "[No Variations]"
Add component (AddParameter): Name = "SubCategory"; Value = "Resistances couche epaisse"; VariantName = "[No Variations]"
Add component (AddParameter): Name = "Supplier 1"; Value = "ETML"; VariantName = "[No Variations]"
Add component (AddParameter): Name = "Supplier Part Number 1"; Value = "FAB.0805_R 68k"; VariantName = "[No Variations]"
Add component (AddParameter): Name = "Supplier Price 1"; Value = "0.0200"; VariantName = "[No Variations]"
Add component (AddParameter): Name = "TemperatureCoeff"; Value = "±200ppm/°C"; VariantName = "[No Variations]"
Add component (AddParameter): Name = "TemperatureRange"; Value = "-55°C to 155°C"; VariantName = "[No Variations]"
Add component (AddParameter): Name = "Tolerance"; Value = "±1%"; VariantName = "[No Variations]"
Add component (AddParameter): Name = "Value"; Value = "68k"; VariantName = "[No Variations]"
Add component (AddParameter): Name = "Voltage"; Value = "150V"; VariantName = "[No Variations]"
Added Component: Designator=R17(RESC2012X06M)
Add component (AddParameter): Name = "Category"; Value = "Passives"; VariantName = "[No Variations]"
Add component (AddParameter): Name = "Current"; Value = ""; VariantName = "[No Variations]"
Add component (AddParameter): Name = "Dielectric"; Value = ""; VariantName = "[No Variations]"
Add component (AddParameter): Name = "IsStocked"; Value = "1"; VariantName = "[No Variations]"
Add component (AddParameter): Name = "Manufacturer"; Value = "Yageo"; VariantName = "[No Variations]"
Add component (AddParameter): Name = "Manufacturer Number"; Value = "RC0805FR-0768KL"; VariantName = "[No Variations]"
Add component (AddParameter): Name = "PN"; Value = "PN-665325"; VariantName = "[No Variations]"
Add component (AddParameter): Name = "Power"; Value = "0.125W"; VariantName = "[No Variations]"
Add component (AddParameter): Name = "SubCategory"; Value = "Resistances couche epaisse"; VariantName = "[No Variations]"
Add component (AddParameter): Name = "Supplier 1"; Value = "ETML"; VariantName = "[No Variations]"
Add component (AddParameter): Name = "Supplier Part Number 1"; Value = "FAB.0805_R 68k"; VariantName = "[No Variations]"
Add component (AddParameter): Name = "Supplier Price 1"; Value = "0.0200"; VariantName = "[No Variations]"
Add component (AddParameter): Name = "TemperatureCoeff"; Value = "±200ppm/°C"; VariantName = "[No Variations]"
Add component (AddParameter): Name = "TemperatureRange"; Value = "-55°C to 155°C"; VariantName = "[No Variations]"
Add component (AddParameter): Name = "Tolerance"; Value = "±1%"; VariantName = "[No Variations]"
Add component (AddParameter): Name = "Value"; Value = "68k"; VariantName = "[No Variations]"
Add component (AddParameter): Name = "Voltage"; Value = "150V"; VariantName = "[No Variations]"
Added Component: Designator=R18(RESC2012X06M)
Add component (AddParameter): Name = "Category"; Value = "Passives"; VariantName = "[No Variations]"
Add component (AddParameter): Name = "Current"; Value = ""; VariantName = "[No Variations]"
Add component (AddParameter): Name = "Dielectric"; Value = ""; VariantName = "[No Variations]"
Add component (AddParameter): Name = "IsStocked"; Value = "1"; VariantName = "[No Variations]"
Add component (AddParameter): Name = "Manufacturer"; Value = "Yageo"; VariantName = "[No Variations]"
Add component (AddParameter): Name = "Manufacturer Number"; Value = "RC0805FR-0768KL"; VariantName = "[No Variations]"
Add component (AddParameter): Name = "PN"; Value = "PN-665325"; VariantName = "[No Variations]"
Add component (AddParameter): Name = "Power"; Value = "0.125W"; VariantName = "[No Variations]"
Add component (AddParameter): Name = "SubCategory"; Value = "Resistances couche epaisse"; VariantName = "[No Variations]"
Add component (AddParameter): Name = "Supplier 1"; Value = "ETML"; VariantName = "[No Variations]"
Add component (AddParameter): Name = "Supplier Part Number 1"; Value = "FAB.0805_R 68k"; VariantName = "[No Variations]"
Add component (AddParameter): Name = "Supplier Price 1"; Value = "0.0200"; VariantName = "[No Variations]"
Add component (AddParameter): Name = "TemperatureCoeff"; Value = "±200ppm/°C"; VariantName = "[No Variations]"
Add component (AddParameter): Name = "TemperatureRange"; Value = "-55°C to 155°C"; VariantName = "[No Variations]"
Add component (AddParameter): Name = "Tolerance"; Value = "±1%"; VariantName = "[No Variations]"
Add component (AddParameter): Name = "Value"; Value = "68k"; VariantName = "[No Variations]"
Add component (AddParameter): Name = "Voltage"; Value = "150V"; VariantName = "[No Variations]"
Added Component: Designator=R19(RESAD1270W60L650D250)
Add component (AddParameter): Name = "Category"; Value = "Passives"; VariantName = "[No Variations]"
Add component (AddParameter): Name = "Current"; Value = ""; VariantName = "[No Variations]"
Add component (AddParameter): Name = "Dielectric"; Value = ""; VariantName = "[No Variations]"
Add component (AddParameter): Name = "IsStocked"; Value = "1"; VariantName = "[No Variations]"
Add component (AddParameter): Name = "Manufacturer"; Value = "Vishay"; VariantName = "[No Variations]"
Add component (AddParameter): Name = "Manufacturer Number"; Value = "MRS25000C1202FCT00"; VariantName = "[No Variations]"
Add component (AddParameter): Name = "PN"; Value = "PN-187706"; VariantName = "[No Variations]"
Add component (AddParameter): Name = "Power"; Value = "0.6W"; VariantName = "[No Variations]"
Add component (AddParameter): Name = "SubCategory"; Value = "Resistances film metallique"; VariantName = "[No Variations]"
Add component (AddParameter): Name = "Supplier 1"; Value = "ETML"; VariantName = "[No Variations]"
Add component (AddParameter): Name = "Supplier Part Number 1"; Value = "MAG.323.198"; VariantName = "[No Variations]"
Add component (AddParameter): Name = "Supplier Price 1"; Value = "0.0500"; VariantName = "[No Variations]"
Add component (AddParameter): Name = "TemperatureCoeff"; Value = "±50ppm/°C"; VariantName = "[No Variations]"
Add component (AddParameter): Name = "TemperatureRange"; Value = "-55°C to 155°C"; VariantName = "[No Variations]"
Add component (AddParameter): Name = "Tolerance"; Value = "±1%"; VariantName = "[No Variations]"
Add component (AddParameter): Name = "Value"; Value = "12k"; VariantName = "[No Variations]"
Add component (AddParameter): Name = "Voltage"; Value = "350V"; VariantName = "[No Variations]"
Added Component: Designator=R20(RESC2012X06M)
Add component (AddParameter): Name = "Category"; Value = "Passives"; VariantName = "[No Variations]"
Add component (AddParameter): Name = "Current"; Value = ""; VariantName = "[No Variations]"
Add component (AddParameter): Name = "Dielectric"; Value = ""; VariantName = "[No Variations]"
Add component (AddParameter): Name = "IsStocked"; Value = "1"; VariantName = "[No Variations]"
Add component (AddParameter): Name = "Manufacturer"; Value = "Yageo"; VariantName = "[No Variations]"
Add component (AddParameter): Name = "Manufacturer Number"; Value = "RC0805FR-0710KL"; VariantName = "[No Variations]"
Add component (AddParameter): Name = "PN"; Value = "PN-374909"; VariantName = "[No Variations]"
Add component (AddParameter): Name = "Power"; Value = "0.125W"; VariantName = "[No Variations]"
Add component (AddParameter): Name = "SubCategory"; Value = "Resistances couche epaisse"; VariantName = "[No Variations]"
Add component (AddParameter): Name = "Supplier 1"; Value = "ETML"; VariantName = "[No Variations]"
Add component (AddParameter): Name = "Supplier Part Number 1"; Value = "FAB.0805_R 10k"; VariantName = "[No Variations]"
Add component (AddParameter): Name = "Supplier Price 1"; Value = "0.0200"; VariantName = "[No Variations]"
Add component (AddParameter): Name = "TemperatureCoeff"; Value = "±200ppm/°C"; VariantName = "[No Variations]"
Add component (AddParameter): Name = "TemperatureRange"; Value = "-55°C to 155°C"; VariantName = "[No Variations]"
Add component (AddParameter): Name = "Tolerance"; Value = "±1%"; VariantName = "[No Variations]"
Add component (AddParameter): Name = "Value"; Value = "10k"; VariantName = "[No Variations]"
Add component (AddParameter): Name = "Voltage"; Value = "150V"; VariantName = "[No Variations]"
Added Component: Designator=R21(RESC2012X06M)
Add component (AddParameter): Name = "Category"; Value = "Passives"; VariantName = "[No Variations]"
Add component (AddParameter): Name = "Current"; Value = ""; VariantName = "[No Variations]"
Add component (AddParameter): Name = "Dielectric"; Value = ""; VariantName = "[No Variations]"
Add component (AddParameter): Name = "IsStocked"; Value = "1"; VariantName = "[No Variations]"
Add component (AddParameter): Name = "Manufacturer"; Value = "Yageo"; VariantName = "[No Variations]"
Add component (AddParameter): Name = "Manufacturer Number"; Value = "RC0805FR-071KL"; VariantName = "[No Variations]"
Add component (AddParameter): Name = "PN"; Value = "PN-746409"; VariantName = "[No Variations]"
Add component (AddParameter): Name = "Power"; Value = "0.125W"; VariantName = "[No Variations]"
Add component (AddParameter): Name = "SubCategory"; Value = "Resistances couche epaisse"; VariantName = "[No Variations]"
Add component (AddParameter): Name = "Supplier 1"; Value = "ETML"; VariantName = "[No Variations]"
Add component (AddParameter): Name = "Supplier Part Number 1"; Value = "FAB.0805_R 1k0"; VariantName = "[No Variations]"
Add component (AddParameter): Name = "Supplier Price 1"; Value = "0.0200"; VariantName = "[No Variations]"
Add component (AddParameter): Name = "TemperatureCoeff"; Value = "±200ppm/°C"; VariantName = "[No Variations]"
Add component (AddParameter): Name = "TemperatureRange"; Value = "-55°C to 155°C"; VariantName = "[No Variations]"
Add component (AddParameter): Name = "Tolerance"; Value = "±1%"; VariantName = "[No Variations]"
Add component (AddParameter): Name = "Value"; Value = "1k"; VariantName = "[No Variations]"
Add component (AddParameter): Name = "Voltage"; Value = "150V"; VariantName = "[No Variations]"
Add Component: Footprint Not Found 430181038816
Added Component: Designator=TP1(KSTN-5011_V)
Add component (AddParameter): Name = "Colour"; Value = "Black"; VariantName = "[No Variations]"
Add component (AddParameter): Name = "ComponentLink1Description"; Value = "Manufacturer URL"; VariantName = "[No Variations]"
Add component (AddParameter): Name = "ComponentLink1URL"; Value = "http://www.keyelco.com/"; VariantName = "[No Variations]"
Add component (AddParameter): Name = "ComponentLink2Description"; Value = "Datasheet"; VariantName = "[No Variations]"
Add component (AddParameter): Name = "ComponentLink2URL"; Value = "http://www.keyelco.com/product-pdf.cfm?p=1320"; VariantName = "[No Variations]"
Add component (AddParameter): Name = "Contact Material"; Value = "Bronze"; VariantName = "[No Variations]"
Add component (AddParameter): Name = "Contact Plating"; Value = "Silver"; VariantName = "[No Variations]"
Add component (AddParameter): Name = "DatasheetVersion"; Value = "Rev. F, 12/2013"; VariantName = "[No Variations]"
Add component (AddParameter): Name = "Height"; Value = "8.12 mm"; VariantName = "[No Variations]"
Add component (AddParameter): Name = "Manufacturer"; Value = "Keystone"; VariantName = "[No Variations]"
Add component (AddParameter): Name = "Mount"; Value = "Through Hole"; VariantName = "[No Variations]"
Add component (AddParameter): Name = "Mounting Technology"; Value = "Through Hole"; VariantName = "[No Variations]"
Add component (AddParameter): Name = "Package Quantity"; Value = "100"; VariantName = "[No Variations]"
Add component (AddParameter): Name = "PackageDescription"; Value = "1-Pin Through Hole Device, Dia 3.17 mm"; VariantName = "[No Variations]"
Add component (AddParameter): Name = "PackageReference"; Value = "5011"; VariantName = "[No Variations]"
Add component (AddParameter): Name = "Packaging"; Value = "Bulk"; VariantName = "[No Variations]"
Add component (AddParameter): Name = "Pins"; Value = "1"; VariantName = "[No Variations]"
Add component (AddParameter): Name = "REACH SVHC"; Value = "No SVHC"; VariantName = "[No Variations]"
Add component (AddParameter): Name = "RoHSCompliant"; Value = "true"; VariantName = "[No Variations]"
Added Component: Designator=TP2(KSTN-5011_V)
Add component (AddParameter): Name = "Colour"; Value = "Black"; VariantName = "[No Variations]"
Add component (AddParameter): Name = "ComponentLink1Description"; Value = "Manufacturer URL"; VariantName = "[No Variations]"
Add component (AddParameter): Name = "ComponentLink1URL"; Value = "http://www.keyelco.com/"; VariantName = "[No Variations]"
Add component (AddParameter): Name = "ComponentLink2Description"; Value = "Datasheet"; VariantName = "[No Variations]"
Add component (AddParameter): Name = "ComponentLink2URL"; Value = "http://www.keyelco.com/product-pdf.cfm?p=1320"; VariantName = "[No Variations]"
Add component (AddParameter): Name = "Contact Material"; Value = "Bronze"; VariantName = "[No Variations]"
Add component (AddParameter): Name = "Contact Plating"; Value = "Silver"; VariantName = "[No Variations]"
Add component (AddParameter): Name = "DatasheetVersion"; Value = "Rev. F, 12/2013"; VariantName = "[No Variations]"
Add component (AddParameter): Name = "Height"; Value = "8.12 mm"; VariantName = "[No Variations]"
Add component (AddParameter): Name = "Manufacturer"; Value = "Keystone"; VariantName = "[No Variations]"
Add component (AddParameter): Name = "Mount"; Value = "Through Hole"; VariantName = "[No Variations]"
Add component (AddParameter): Name = "Mounting Technology"; Value = "Through Hole"; VariantName = "[No Variations]"
Add component (AddParameter): Name = "Package Quantity"; Value = "100"; VariantName = "[No Variations]"
Add component (AddParameter): Name = "PackageDescription"; Value = "1-Pin Through Hole Device, Dia 3.17 mm"; VariantName = "[No Variations]"
Add component (AddParameter): Name = "PackageReference"; Value = "5011"; VariantName = "[No Variations]"
Add component (AddParameter): Name = "Packaging"; Value = "Bulk"; VariantName = "[No Variations]"
Add component (AddParameter): Name = "Pins"; Value = "1"; VariantName = "[No Variations]"
Add component (AddParameter): Name = "REACH SVHC"; Value = "No SVHC"; VariantName = "[No Variations]"
Add component (AddParameter): Name = "RoHSCompliant"; Value = "true"; VariantName = "[No Variations]"
Added Component: Designator=TP3(KSTN-5011_V)
Add component (AddParameter): Name = "Colour"; Value = "Black"; VariantName = "[No Variations]"
Add component (AddParameter): Name = "ComponentLink1Description"; Value = "Manufacturer URL"; VariantName = "[No Variations]"
Add component (AddParameter): Name = "ComponentLink1URL"; Value = "http://www.keyelco.com/"; VariantName = "[No Variations]"
Add component (AddParameter): Name = "ComponentLink2Description"; Value = "Datasheet"; VariantName = "[No Variations]"
Add component (AddParameter): Name = "ComponentLink2URL"; Value = "http://www.keyelco.com/product-pdf.cfm?p=1320"; VariantName = "[No Variations]"
Add component (AddParameter): Name = "Contact Material"; Value = "Bronze"; VariantName = "[No Variations]"
Add component (AddParameter): Name = "Contact Plating"; Value = "Silver"; VariantName = "[No Variations]"
Add component (AddParameter): Name = "DatasheetVersion"; Value = "Rev. F, 12/2013"; VariantName = "[No Variations]"
Add component (AddParameter): Name = "Height"; Value = "8.12 mm"; VariantName = "[No Variations]"
Add component (AddParameter): Name = "Manufacturer"; Value = "Keystone"; VariantName = "[No Variations]"
Add component (AddParameter): Name = "Mount"; Value = "Through Hole"; VariantName = "[No Variations]"
Add component (AddParameter): Name = "Mounting Technology"; Value = "Through Hole"; VariantName = "[No Variations]"
Add component (AddParameter): Name = "Package Quantity"; Value = "100"; VariantName = "[No Variations]"
Add component (AddParameter): Name = "PackageDescription"; Value = "1-Pin Through Hole Device, Dia 3.17 mm"; VariantName = "[No Variations]"
Add component (AddParameter): Name = "PackageReference"; Value = "5011"; VariantName = "[No Variations]"
Add component (AddParameter): Name = "Packaging"; Value = "Bulk"; VariantName = "[No Variations]"
Add component (AddParameter): Name = "Pins"; Value = "1"; VariantName = "[No Variations]"
Add component (AddParameter): Name = "REACH SVHC"; Value = "No SVHC"; VariantName = "[No Variations]"
Add component (AddParameter): Name = "RoHSCompliant"; Value = "true"; VariantName = "[No Variations]"
Added Component: Designator=TP4(KSTN-5011_V)
Add component (AddParameter): Name = "Colour"; Value = "Black"; VariantName = "[No Variations]"
Add component (AddParameter): Name = "ComponentLink1Description"; Value = "Manufacturer URL"; VariantName = "[No Variations]"
Add component (AddParameter): Name = "ComponentLink1URL"; Value = "http://www.keyelco.com/"; VariantName = "[No Variations]"
Add component (AddParameter): Name = "ComponentLink2Description"; Value = "Datasheet"; VariantName = "[No Variations]"
Add component (AddParameter): Name = "ComponentLink2URL"; Value = "http://www.keyelco.com/product-pdf.cfm?p=1320"; VariantName = "[No Variations]"
Add component (AddParameter): Name = "Contact Material"; Value = "Bronze"; VariantName = "[No Variations]"
Add component (AddParameter): Name = "Contact Plating"; Value = "Silver"; VariantName = "[No Variations]"
Add component (AddParameter): Name = "DatasheetVersion"; Value = "Rev. F, 12/2013"; VariantName = "[No Variations]"
Add component (AddParameter): Name = "Height"; Value = "8.12 mm"; VariantName = "[No Variations]"
Add component (AddParameter): Name = "Manufacturer"; Value = "Keystone"; VariantName = "[No Variations]"
Add component (AddParameter): Name = "Mount"; Value = "Through Hole"; VariantName = "[No Variations]"
Add component (AddParameter): Name = "Mounting Technology"; Value = "Through Hole"; VariantName = "[No Variations]"
Add component (AddParameter): Name = "Package Quantity"; Value = "100"; VariantName = "[No Variations]"
Add component (AddParameter): Name = "PackageDescription"; Value = "1-Pin Through Hole Device, Dia 3.17 mm"; VariantName = "[No Variations]"
Add component (AddParameter): Name = "PackageReference"; Value = "5011"; VariantName = "[No Variations]"
Add component (AddParameter): Name = "Packaging"; Value = "Bulk"; VariantName = "[No Variations]"
Add component (AddParameter): Name = "Pins"; Value = "1"; VariantName = "[No Variations]"
Add component (AddParameter): Name = "REACH SVHC"; Value = "No SVHC"; VariantName = "[No Variations]"
Add component (AddParameter): Name = "RoHSCompliant"; Value = "true"; VariantName = "[No Variations]"
Added Component: Designator=TP5(KSTN-5011_V)
Add component (AddParameter): Name = "Colour"; Value = "Black"; VariantName = "[No Variations]"
Add component (AddParameter): Name = "ComponentLink1Description"; Value = "Manufacturer URL"; VariantName = "[No Variations]"
Add component (AddParameter): Name = "ComponentLink1URL"; Value = "http://www.keyelco.com/"; VariantName = "[No Variations]"
Add component (AddParameter): Name = "ComponentLink2Description"; Value = "Datasheet"; VariantName = "[No Variations]"
Add component (AddParameter): Name = "ComponentLink2URL"; Value = "http://www.keyelco.com/product-pdf.cfm?p=1320"; VariantName = "[No Variations]"
Add component (AddParameter): Name = "Contact Material"; Value = "Bronze"; VariantName = "[No Variations]"
Add component (AddParameter): Name = "Contact Plating"; Value = "Silver"; VariantName = "[No Variations]"
Add component (AddParameter): Name = "DatasheetVersion"; Value = "Rev. F, 12/2013"; VariantName = "[No Variations]"
Add component (AddParameter): Name = "Height"; Value = "8.12 mm"; VariantName = "[No Variations]"
Add component (AddParameter): Name = "Manufacturer"; Value = "Keystone"; VariantName = "[No Variations]"
Add component (AddParameter): Name = "Mount"; Value = "Through Hole"; VariantName = "[No Variations]"
Add component (AddParameter): Name = "Mounting Technology"; Value = "Through Hole"; VariantName = "[No Variations]"
Add component (AddParameter): Name = "Package Quantity"; Value = "100"; VariantName = "[No Variations]"
Add component (AddParameter): Name = "PackageDescription"; Value = "1-Pin Through Hole Device, Dia 3.17 mm"; VariantName = "[No Variations]"
Add component (AddParameter): Name = "PackageReference"; Value = "5011"; VariantName = "[No Variations]"
Add component (AddParameter): Name = "Packaging"; Value = "Bulk"; VariantName = "[No Variations]"
Add component (AddParameter): Name = "Pins"; Value = "1"; VariantName = "[No Variations]"
Add component (AddParameter): Name = "REACH SVHC"; Value = "No SVHC"; VariantName = "[No Variations]"
Add component (AddParameter): Name = "RoHSCompliant"; Value = "true"; VariantName = "[No Variations]"
Added Component: Designator=TP6(KSTN-5011_V)
Add component (AddParameter): Name = "Colour"; Value = "Black"; VariantName = "[No Variations]"
Add component (AddParameter): Name = "ComponentLink1Description"; Value = "Manufacturer URL"; VariantName = "[No Variations]"
Add component (AddParameter): Name = "ComponentLink1URL"; Value = "http://www.keyelco.com/"; VariantName = "[No Variations]"
Add component (AddParameter): Name = "ComponentLink2Description"; Value = "Datasheet"; VariantName = "[No Variations]"
Add component (AddParameter): Name = "ComponentLink2URL"; Value = "http://www.keyelco.com/product-pdf.cfm?p=1320"; VariantName = "[No Variations]"
Add component (AddParameter): Name = "Contact Material"; Value = "Bronze"; VariantName = "[No Variations]"
Add component (AddParameter): Name = "Contact Plating"; Value = "Silver"; VariantName = "[No Variations]"
Add component (AddParameter): Name = "DatasheetVersion"; Value = "Rev. F, 12/2013"; VariantName = "[No Variations]"
Add component (AddParameter): Name = "Height"; Value = "8.12 mm"; VariantName = "[No Variations]"
Add component (AddParameter): Name = "Manufacturer"; Value = "Keystone"; VariantName = "[No Variations]"
Add component (AddParameter): Name = "Mount"; Value = "Through Hole"; VariantName = "[No Variations]"
Add component (AddParameter): Name = "Mounting Technology"; Value = "Through Hole"; VariantName = "[No Variations]"
Add component (AddParameter): Name = "Package Quantity"; Value = "100"; VariantName = "[No Variations]"
Add component (AddParameter): Name = "PackageDescription"; Value = "1-Pin Through Hole Device, Dia 3.17 mm"; VariantName = "[No Variations]"
Add component (AddParameter): Name = "PackageReference"; Value = "5011"; VariantName = "[No Variations]"
Add component (AddParameter): Name = "Packaging"; Value = "Bulk"; VariantName = "[No Variations]"
Add component (AddParameter): Name = "Pins"; Value = "1"; VariantName = "[No Variations]"
Add component (AddParameter): Name = "REACH SVHC"; Value = "No SVHC"; VariantName = "[No Variations]"
Add component (AddParameter): Name = "RoHSCompliant"; Value = "true"; VariantName = "[No Variations]"
Added Component: Designator=TP7(KSTN-5011_V)
Add component (AddParameter): Name = "Colour"; Value = "Black"; VariantName = "[No Variations]"
Add component (AddParameter): Name = "ComponentLink1Description"; Value = "Manufacturer URL"; VariantName = "[No Variations]"
Add component (AddParameter): Name = "ComponentLink1URL"; Value = "http://www.keyelco.com/"; VariantName = "[No Variations]"
Add component (AddParameter): Name = "ComponentLink2Description"; Value = "Datasheet"; VariantName = "[No Variations]"
Add component (AddParameter): Name = "ComponentLink2URL"; Value = "http://www.keyelco.com/product-pdf.cfm?p=1320"; VariantName = "[No Variations]"
Add component (AddParameter): Name = "Contact Material"; Value = "Bronze"; VariantName = "[No Variations]"
Add component (AddParameter): Name = "Contact Plating"; Value = "Silver"; VariantName = "[No Variations]"
Add component (AddParameter): Name = "DatasheetVersion"; Value = "Rev. F, 12/2013"; VariantName = "[No Variations]"
Add component (AddParameter): Name = "Height"; Value = "8.12 mm"; VariantName = "[No Variations]"
Add component (AddParameter): Name = "Manufacturer"; Value = "Keystone"; VariantName = "[No Variations]"
Add component (AddParameter): Name = "Mount"; Value = "Through Hole"; VariantName = "[No Variations]"
Add component (AddParameter): Name = "Mounting Technology"; Value = "Through Hole"; VariantName = "[No Variations]"
Add component (AddParameter): Name = "Package Quantity"; Value = "100"; VariantName = "[No Variations]"
Add component (AddParameter): Name = "PackageDescription"; Value = "1-Pin Through Hole Device, Dia 3.17 mm"; VariantName = "[No Variations]"
Add component (AddParameter): Name = "PackageReference"; Value = "5011"; VariantName = "[No Variations]"
Add component (AddParameter): Name = "Packaging"; Value = "Bulk"; VariantName = "[No Variations]"
Add component (AddParameter): Name = "Pins"; Value = "1"; VariantName = "[No Variations]"
Add component (AddParameter): Name = "REACH SVHC"; Value = "No SVHC"; VariantName = "[No Variations]"
Add component (AddParameter): Name = "RoHSCompliant"; Value = "true"; VariantName = "[No Variations]"
Added Component: Designator=TP8(KSTN-5011_V)
Add component (AddParameter): Name = "Colour"; Value = "Black"; VariantName = "[No Variations]"
Add component (AddParameter): Name = "ComponentLink1Description"; Value = "Manufacturer URL"; VariantName = "[No Variations]"
Add component (AddParameter): Name = "ComponentLink1URL"; Value = "http://www.keyelco.com/"; VariantName = "[No Variations]"
Add component (AddParameter): Name = "ComponentLink2Description"; Value = "Datasheet"; VariantName = "[No Variations]"
Add component (AddParameter): Name = "ComponentLink2URL"; Value = "http://www.keyelco.com/product-pdf.cfm?p=1320"; VariantName = "[No Variations]"
Add component (AddParameter): Name = "Contact Material"; Value = "Bronze"; VariantName = "[No Variations]"
Add component (AddParameter): Name = "Contact Plating"; Value = "Silver"; VariantName = "[No Variations]"
Add component (AddParameter): Name = "DatasheetVersion"; Value = "Rev. F, 12/2013"; VariantName = "[No Variations]"
Add component (AddParameter): Name = "Height"; Value = "8.12 mm"; VariantName = "[No Variations]"
Add component (AddParameter): Name = "Manufacturer"; Value = "Keystone"; VariantName = "[No Variations]"
Add component (AddParameter): Name = "Mount"; Value = "Through Hole"; VariantName = "[No Variations]"
Add component (AddParameter): Name = "Mounting Technology"; Value = "Through Hole"; VariantName = "[No Variations]"
Add component (AddParameter): Name = "Package Quantity"; Value = "100"; VariantName = "[No Variations]"
Add component (AddParameter): Name = "PackageDescription"; Value = "1-Pin Through Hole Device, Dia 3.17 mm"; VariantName = "[No Variations]"
Add component (AddParameter): Name = "PackageReference"; Value = "5011"; VariantName = "[No Variations]"
Add component (AddParameter): Name = "Packaging"; Value = "Bulk"; VariantName = "[No Variations]"
Add component (AddParameter): Name = "Pins"; Value = "1"; VariantName = "[No Variations]"
Add component (AddParameter): Name = "REACH SVHC"; Value = "No SVHC"; VariantName = "[No Variations]"
Add component (AddParameter): Name = "RoHSCompliant"; Value = "true"; VariantName = "[No Variations]"
Added Component: Designator=TP9(KSTN-5011_V)
Add component (AddParameter): Name = "Colour"; Value = "Black"; VariantName = "[No Variations]"
Add component (AddParameter): Name = "ComponentLink1Description"; Value = "Manufacturer URL"; VariantName = "[No Variations]"
Add component (AddParameter): Name = "ComponentLink1URL"; Value = "http://www.keyelco.com/"; VariantName = "[No Variations]"
Add component (AddParameter): Name = "ComponentLink2Description"; Value = "Datasheet"; VariantName = "[No Variations]"
Add component (AddParameter): Name = "ComponentLink2URL"; Value = "http://www.keyelco.com/product-pdf.cfm?p=1320"; VariantName = "[No Variations]"
Add component (AddParameter): Name = "Contact Material"; Value = "Bronze"; VariantName = "[No Variations]"
Add component (AddParameter): Name = "Contact Plating"; Value = "Silver"; VariantName = "[No Variations]"
Add component (AddParameter): Name = "DatasheetVersion"; Value = "Rev. F, 12/2013"; VariantName = "[No Variations]"
Add component (AddParameter): Name = "Height"; Value = "8.12 mm"; VariantName = "[No Variations]"
Add component (AddParameter): Name = "Manufacturer"; Value = "Keystone"; VariantName = "[No Variations]"
Add component (AddParameter): Name = "Mount"; Value = "Through Hole"; VariantName = "[No Variations]"
Add component (AddParameter): Name = "Mounting Technology"; Value = "Through Hole"; VariantName = "[No Variations]"
Add component (AddParameter): Name = "Package Quantity"; Value = "100"; VariantName = "[No Variations]"
Add component (AddParameter): Name = "PackageDescription"; Value = "1-Pin Through Hole Device, Dia 3.17 mm"; VariantName = "[No Variations]"
Add component (AddParameter): Name = "PackageReference"; Value = "5011"; VariantName = "[No Variations]"
Add component (AddParameter): Name = "Packaging"; Value = "Bulk"; VariantName = "[No Variations]"
Add component (AddParameter): Name = "Pins"; Value = "1"; VariantName = "[No Variations]"
Add component (AddParameter): Name = "REACH SVHC"; Value = "No SVHC"; VariantName = "[No Variations]"
Add component (AddParameter): Name = "RoHSCompliant"; Value = "true"; VariantName = "[No Variations]"
Added Component: Designator=TP10(KSTN-5011_V)
Add component (AddParameter): Name = "Colour"; Value = "Black"; VariantName = "[No Variations]"
Add component (AddParameter): Name = "ComponentLink1Description"; Value = "Manufacturer URL"; VariantName = "[No Variations]"
Add component (AddParameter): Name = "ComponentLink1URL"; Value = "http://www.keyelco.com/"; VariantName = "[No Variations]"
Add component (AddParameter): Name = "ComponentLink2Description"; Value = "Datasheet"; VariantName = "[No Variations]"
Add component (AddParameter): Name = "ComponentLink2URL"; Value = "http://www.keyelco.com/product-pdf.cfm?p=1320"; VariantName = "[No Variations]"
Add component (AddParameter): Name = "Contact Material"; Value = "Bronze"; VariantName = "[No Variations]"
Add component (AddParameter): Name = "Contact Plating"; Value = "Silver"; VariantName = "[No Variations]"
Add component (AddParameter): Name = "DatasheetVersion"; Value = "Rev. F, 12/2013"; VariantName = "[No Variations]"
Add component (AddParameter): Name = "Height"; Value = "8.12 mm"; VariantName = "[No Variations]"
Add component (AddParameter): Name = "Manufacturer"; Value = "Keystone"; VariantName = "[No Variations]"
Add component (AddParameter): Name = "Mount"; Value = "Through Hole"; VariantName = "[No Variations]"
Add component (AddParameter): Name = "Mounting Technology"; Value = "Through Hole"; VariantName = "[No Variations]"
Add component (AddParameter): Name = "Package Quantity"; Value = "100"; VariantName = "[No Variations]"
Add component (AddParameter): Name = "PackageDescription"; Value = "1-Pin Through Hole Device, Dia 3.17 mm"; VariantName = "[No Variations]"
Add component (AddParameter): Name = "PackageReference"; Value = "5011"; VariantName = "[No Variations]"
Add component (AddParameter): Name = "Packaging"; Value = "Bulk"; VariantName = "[No Variations]"
Add component (AddParameter): Name = "Pins"; Value = "1"; VariantName = "[No Variations]"
Add component (AddParameter): Name = "REACH SVHC"; Value = "No SVHC"; VariantName = "[No Variations]"
Add component (AddParameter): Name = "RoHSCompliant"; Value = "true"; VariantName = "[No Variations]"
Added Component: Designator=TP11(KSTN-5011_V)
Add component (AddParameter): Name = "Colour"; Value = "Black"; VariantName = "[No Variations]"
Add component (AddParameter): Name = "ComponentLink1Description"; Value = "Manufacturer URL"; VariantName = "[No Variations]"
Add component (AddParameter): Name = "ComponentLink1URL"; Value = "http://www.keyelco.com/"; VariantName = "[No Variations]"
Add component (AddParameter): Name = "ComponentLink2Description"; Value = "Datasheet"; VariantName = "[No Variations]"
Add component (AddParameter): Name = "ComponentLink2URL"; Value = "http://www.keyelco.com/product-pdf.cfm?p=1320"; VariantName = "[No Variations]"
Add component (AddParameter): Name = "Contact Material"; Value = "Bronze"; VariantName = "[No Variations]"
Add component (AddParameter): Name = "Contact Plating"; Value = "Silver"; VariantName = "[No Variations]"
Add component (AddParameter): Name = "DatasheetVersion"; Value = "Rev. F, 12/2013"; VariantName = "[No Variations]"
Add component (AddParameter): Name = "Height"; Value = "8.12 mm"; VariantName = "[No Variations]"
Add component (AddParameter): Name = "Manufacturer"; Value = "Keystone"; VariantName = "[No Variations]"
Add component (AddParameter): Name = "Mount"; Value = "Through Hole"; VariantName = "[No Variations]"
Add component (AddParameter): Name = "Mounting Technology"; Value = "Through Hole"; VariantName = "[No Variations]"
Add component (AddParameter): Name = "Package Quantity"; Value = "100"; VariantName = "[No Variations]"
Add component (AddParameter): Name = "PackageDescription"; Value = "1-Pin Through Hole Device, Dia 3.17 mm"; VariantName = "[No Variations]"
Add component (AddParameter): Name = "PackageReference"; Value = "5011"; VariantName = "[No Variations]"
Add component (AddParameter): Name = "Packaging"; Value = "Bulk"; VariantName = "[No Variations]"
Add component (AddParameter): Name = "Pins"; Value = "1"; VariantName = "[No Variations]"
Add component (AddParameter): Name = "REACH SVHC"; Value = "No SVHC"; VariantName = "[No Variations]"
Add component (AddParameter): Name = "RoHSCompliant"; Value = "true"; VariantName = "[No Variations]"
Added Component: Designator=TP?(KSTN-5011_V)
Add component (AddParameter): Name = "Colour"; Value = "Black"; VariantName = "[No Variations]"
Add component (AddParameter): Name = "ComponentLink1Description"; Value = "Manufacturer URL"; VariantName = "[No Variations]"
Add component (AddParameter): Name = "ComponentLink1URL"; Value = "http://www.keyelco.com/"; VariantName = "[No Variations]"
Add component (AddParameter): Name = "ComponentLink2Description"; Value = "Datasheet"; VariantName = "[No Variations]"
Add component (AddParameter): Name = "ComponentLink2URL"; Value = "http://www.keyelco.com/product-pdf.cfm?p=1320"; VariantName = "[No Variations]"
Add component (AddParameter): Name = "Contact Material"; Value = "Bronze"; VariantName = "[No Variations]"
Add component (AddParameter): Name = "Contact Plating"; Value = "Silver"; VariantName = "[No Variations]"
Add component (AddParameter): Name = "DatasheetVersion"; Value = "Rev. F, 12/2013"; VariantName = "[No Variations]"
Add component (AddParameter): Name = "Height"; Value = "8.12 mm"; VariantName = "[No Variations]"
Add component (AddParameter): Name = "Manufacturer"; Value = "Keystone"; VariantName = "[No Variations]"
Add component (AddParameter): Name = "Mount"; Value = "Through Hole"; VariantName = "[No Variations]"
Add component (AddParameter): Name = "Mounting Technology"; Value = "Through Hole"; VariantName = "[No Variations]"
Add component (AddParameter): Name = "Package Quantity"; Value = "100"; VariantName = "[No Variations]"
Add component (AddParameter): Name = "PackageDescription"; Value = "1-Pin Through Hole Device, Dia 3.17 mm"; VariantName = "[No Variations]"
Add component (AddParameter): Name = "PackageReference"; Value = "5011"; VariantName = "[No Variations]"
Add component (AddParameter): Name = "Packaging"; Value = "Bulk"; VariantName = "[No Variations]"
Add component (AddParameter): Name = "Pins"; Value = "1"; VariantName = "[No Variations]"
Add component (AddParameter): Name = "REACH SVHC"; Value = "No SVHC"; VariantName = "[No Variations]"
Add component (AddParameter): Name = "RoHSCompliant"; Value = "true"; VariantName = "[No Variations]"
Added Component: Designator=TP?(KSTN-5011_V)
Add component (AddParameter): Name = "Colour"; Value = "Black"; VariantName = "[No Variations]"
Add component (AddParameter): Name = "ComponentLink1Description"; Value = "Manufacturer URL"; VariantName = "[No Variations]"
Add component (AddParameter): Name = "ComponentLink1URL"; Value = "http://www.keyelco.com/"; VariantName = "[No Variations]"
Add component (AddParameter): Name = "ComponentLink2Description"; Value = "Datasheet"; VariantName = "[No Variations]"
Add component (AddParameter): Name = "ComponentLink2URL"; Value = "http://www.keyelco.com/product-pdf.cfm?p=1320"; VariantName = "[No Variations]"
Add component (AddParameter): Name = "Contact Material"; Value = "Bronze"; VariantName = "[No Variations]"
Add component (AddParameter): Name = "Contact Plating"; Value = "Silver"; VariantName = "[No Variations]"
Add component (AddParameter): Name = "DatasheetVersion"; Value = "Rev. F, 12/2013"; VariantName = "[No Variations]"
Add component (AddParameter): Name = "Height"; Value = "8.12 mm"; VariantName = "[No Variations]"
Add component (AddParameter): Name = "Manufacturer"; Value = "Keystone"; VariantName = "[No Variations]"
Add component (AddParameter): Name = "Mount"; Value = "Through Hole"; VariantName = "[No Variations]"
Add component (AddParameter): Name = "Mounting Technology"; Value = "Through Hole"; VariantName = "[No Variations]"
Add component (AddParameter): Name = "Package Quantity"; Value = "100"; VariantName = "[No Variations]"
Add component (AddParameter): Name = "PackageDescription"; Value = "1-Pin Through Hole Device, Dia 3.17 mm"; VariantName = "[No Variations]"
Add component (AddParameter): Name = "PackageReference"; Value = "5011"; VariantName = "[No Variations]"
Add component (AddParameter): Name = "Packaging"; Value = "Bulk"; VariantName = "[No Variations]"
Add component (AddParameter): Name = "Pins"; Value = "1"; VariantName = "[No Variations]"
Add component (AddParameter): Name = "REACH SVHC"; Value = "No SVHC"; VariantName = "[No Variations]"
Add component (AddParameter): Name = "RoHSCompliant"; Value = "true"; VariantName = "[No Variations]"
Added Component: Designator=TP?(KSTN-5011_V)
Add component (AddParameter): Name = "Colour"; Value = "Black"; VariantName = "[No Variations]"
Add component (AddParameter): Name = "ComponentLink1Description"; Value = "Manufacturer URL"; VariantName = "[No Variations]"
Add component (AddParameter): Name = "ComponentLink1URL"; Value = "http://www.keyelco.com/"; VariantName = "[No Variations]"
Add component (AddParameter): Name = "ComponentLink2Description"; Value = "Datasheet"; VariantName = "[No Variations]"
Add component (AddParameter): Name = "ComponentLink2URL"; Value = "http://www.keyelco.com/product-pdf.cfm?p=1320"; VariantName = "[No Variations]"
Add component (AddParameter): Name = "Contact Material"; Value = "Bronze"; VariantName = "[No Variations]"
Add component (AddParameter): Name = "Contact Plating"; Value = "Silver"; VariantName = "[No Variations]"
Add component (AddParameter): Name = "DatasheetVersion"; Value = "Rev. F, 12/2013"; VariantName = "[No Variations]"
Add component (AddParameter): Name = "Height"; Value = "8.12 mm"; VariantName = "[No Variations]"
Add component (AddParameter): Name = "Manufacturer"; Value = "Keystone"; VariantName = "[No Variations]"
Add component (AddParameter): Name = "Mount"; Value = "Through Hole"; VariantName = "[No Variations]"
Add component (AddParameter): Name = "Mounting Technology"; Value = "Through Hole"; VariantName = "[No Variations]"
Add component (AddParameter): Name = "Package Quantity"; Value = "100"; VariantName = "[No Variations]"
Add component (AddParameter): Name = "PackageDescription"; Value = "1-Pin Through Hole Device, Dia 3.17 mm"; VariantName = "[No Variations]"
Add component (AddParameter): Name = "PackageReference"; Value = "5011"; VariantName = "[No Variations]"
Add component (AddParameter): Name = "Packaging"; Value = "Bulk"; VariantName = "[No Variations]"
Add component (AddParameter): Name = "Pins"; Value = "1"; VariantName = "[No Variations]"
Add component (AddParameter): Name = "REACH SVHC"; Value = "No SVHC"; VariantName = "[No Variations]"
Add component (AddParameter): Name = "RoHSCompliant"; Value = "true"; VariantName = "[No Variations]"
Added Component: Designator=TP?(KSTN-5011_V)
Add component (AddParameter): Name = "Colour"; Value = "Black"; VariantName = "[No Variations]"
Add component (AddParameter): Name = "ComponentLink1Description"; Value = "Manufacturer URL"; VariantName = "[No Variations]"
Add component (AddParameter): Name = "ComponentLink1URL"; Value = "http://www.keyelco.com/"; VariantName = "[No Variations]"
Add component (AddParameter): Name = "ComponentLink2Description"; Value = "Datasheet"; VariantName = "[No Variations]"
Add component (AddParameter): Name = "ComponentLink2URL"; Value = "http://www.keyelco.com/product-pdf.cfm?p=1320"; VariantName = "[No Variations]"
Add component (AddParameter): Name = "Contact Material"; Value = "Bronze"; VariantName = "[No Variations]"
Add component (AddParameter): Name = "Contact Plating"; Value = "Silver"; VariantName = "[No Variations]"
Add component (AddParameter): Name = "DatasheetVersion"; Value = "Rev. F, 12/2013"; VariantName = "[No Variations]"
Add component (AddParameter): Name = "Height"; Value = "8.12 mm"; VariantName = "[No Variations]"
Add component (AddParameter): Name = "Manufacturer"; Value = "Keystone"; VariantName = "[No Variations]"
Add component (AddParameter): Name = "Mount"; Value = "Through Hole"; VariantName = "[No Variations]"
Add component (AddParameter): Name = "Mounting Technology"; Value = "Through Hole"; VariantName = "[No Variations]"
Add component (AddParameter): Name = "Package Quantity"; Value = "100"; VariantName = "[No Variations]"
Add component (AddParameter): Name = "PackageDescription"; Value = "1-Pin Through Hole Device, Dia 3.17 mm"; VariantName = "[No Variations]"
Add component (AddParameter): Name = "PackageReference"; Value = "5011"; VariantName = "[No Variations]"
Add component (AddParameter): Name = "Packaging"; Value = "Bulk"; VariantName = "[No Variations]"
Add component (AddParameter): Name = "Pins"; Value = "1"; VariantName = "[No Variations]"
Add component (AddParameter): Name = "REACH SVHC"; Value = "No SVHC"; VariantName = "[No Variations]"
Add component (AddParameter): Name = "RoHSCompliant"; Value = "true"; VariantName = "[No Variations]"
Added Component: Designator=U3(FP-LM6132BIMX-NOPB-MFG)
Add component (AddParameter): Name = "Automotive"; Value = "No"; VariantName = "[No Variations]"
Add component (AddParameter): Name = "Category"; Value = "IC"; VariantName = "[No Variations]"
Add component (AddParameter): Name = "ComponentLink2Description"; Value = "Datasheet"; VariantName = "[No Variations]"
Add component (AddParameter): Name = "ComponentLink2URL"; Value = "http://www.ti.com/lit/ds/symlink/lm6132.pdf"; VariantName = "[No Variations]"
Add component (AddParameter): Name = "Device Class L1"; Value = "Integrated Circuits (ICs)"; VariantName = "[No Variations]"
Add component (AddParameter): Name = "Device Class L2"; Value = "Linear ICs"; VariantName = "[No Variations]"
Add component (AddParameter): Name = "Device Class L3"; Value = "Amplifiers - Op Amps"; VariantName = "[No Variations]"
Add component (AddParameter): Name = "Digikey Description"; Value = "IC OPAMP GP 2 CIRCUIT 8SOIC"; VariantName = "[No Variations]"
Add component (AddParameter): Name = "Gain Bandwidth"; Value = "11MHz"; VariantName = "[No Variations]"
Add component (AddParameter): Name = "Height"; Value = "1.75mm"; VariantName = "[No Variations]"
Add component (AddParameter): Name = "Input Bias Current"; Value = "0.125uA"; VariantName = "[No Variations]"
Add component (AddParameter): Name = "Input Offset Voltage"; Value = "1.7V"; VariantName = "[No Variations]"
Add component (AddParameter): Name = "Lead Free"; Value = "Yes"; VariantName = "[No Variations]"
Add component (AddParameter): Name = "Manufacturer"; Value = "Texas Instruments"; VariantName = "[No Variations]"
Add component (AddParameter): Name = "Manufacturer Part Number"; Value = "LM6132BIMX/NOPB"; VariantName = "[No Variations]"
Add component (AddParameter): Name = "Max Dual Supply Voltage"; Value = "12V"; VariantName = "[No Variations]"
Add component (AddParameter): Name = "Max Junction Temp"; Value = "+150°C"; VariantName = "[No Variations]"
Add component (AddParameter): Name = "Max Supply Voltage"; Value = "24V"; VariantName = "[No Variations]"
Add component (AddParameter): Name = "Min Dual Supply Voltage"; Value = "0.9V"; VariantName = "[No Variations]"
Add component (AddParameter): Name = "Min Supply Voltage"; Value = "1.8V"; VariantName = "[No Variations]"
Add component (AddParameter): Name = "Mouser Description"; Value = "Operational Amplifiers - Op Amps DUAL LOW POWER 10 MHZ RRIO OP AMP"; VariantName = "[No Variations]"
Add component (AddParameter): Name = "Nominal Supply Current"; Value = "720uA"; VariantName = "[No Variations]"
Add component (AddParameter): Name = "Number Of Channels"; Value = "2"; VariantName = "[No Variations]"
Add component (AddParameter): Name = "Octopart"; Value = "https://octopart.com/lm6132bimx%2Fnopb-texas+instruments-24814947"; VariantName = "[No Variations]"
Add component (AddParameter): Name = "Output Current Per Channel"; Value = "3.5mA"; VariantName = "[No Variations]"
Add component (AddParameter): Name = "Package"; Value = "SOIC-8"; VariantName = "[No Variations]"
Add component (AddParameter): Name = "RoHS"; Value = "TRUE"; VariantName = "[No Variations]"
Add component (AddParameter): Name = "Standoff Height"; Value = "0.11mm"; VariantName = "[No Variations]"
Add component (AddParameter): Name = "Temperature"; Value = "-40°C to +85°C"; VariantName = "[No Variations]"
Add component (AddParameter): Name = "Temperature Range High"; Value = "+85°C"; VariantName = "[No Variations]"
Add component (AddParameter): Name = "Temperature Range Low"; Value = "-40°C"; VariantName = "[No Variations]"
Add component (AddParameter): Name = "Voltage Gain"; Value = "102V/mV"; VariantName = "[No Variations]"
Added Component: Designator=U4(FP-LM6132BIMX-NOPB-MFG)
Add component (AddParameter): Name = "Automotive"; Value = "No"; VariantName = "[No Variations]"
Add component (AddParameter): Name = "Category"; Value = "IC"; VariantName = "[No Variations]"
Add component (AddParameter): Name = "ComponentLink2Description"; Value = "Datasheet"; VariantName = "[No Variations]"
Add component (AddParameter): Name = "ComponentLink2URL"; Value = "http://www.ti.com/lit/ds/symlink/lm6132.pdf"; VariantName = "[No Variations]"
Add component (AddParameter): Name = "Device Class L1"; Value = "Integrated Circuits (ICs)"; VariantName = "[No Variations]"
Add component (AddParameter): Name = "Device Class L2"; Value = "Linear ICs"; VariantName = "[No Variations]"
Add component (AddParameter): Name = "Device Class L3"; Value = "Amplifiers - Op Amps"; VariantName = "[No Variations]"
Add component (AddParameter): Name = "Digikey Description"; Value = "IC OPAMP GP 2 CIRCUIT 8SOIC"; VariantName = "[No Variations]"
Add component (AddParameter): Name = "Gain Bandwidth"; Value = "11MHz"; VariantName = "[No Variations]"
Add component (AddParameter): Name = "Height"; Value = "1.75mm"; VariantName = "[No Variations]"
Add component (AddParameter): Name = "Input Bias Current"; Value = "0.125uA"; VariantName = "[No Variations]"
Add component (AddParameter): Name = "Input Offset Voltage"; Value = "1.7V"; VariantName = "[No Variations]"
Add component (AddParameter): Name = "Lead Free"; Value = "Yes"; VariantName = "[No Variations]"
Add component (AddParameter): Name = "Manufacturer"; Value = "Texas Instruments"; VariantName = "[No Variations]"
Add component (AddParameter): Name = "Manufacturer Part Number"; Value = "LM6132BIMX/NOPB"; VariantName = "[No Variations]"
Add component (AddParameter): Name = "Max Dual Supply Voltage"; Value = "12V"; VariantName = "[No Variations]"
Add component (AddParameter): Name = "Max Junction Temp"; Value = "+150°C"; VariantName = "[No Variations]"
Add component (AddParameter): Name = "Max Supply Voltage"; Value = "24V"; VariantName = "[No Variations]"
Add component (AddParameter): Name = "Min Dual Supply Voltage"; Value = "0.9V"; VariantName = "[No Variations]"
Add component (AddParameter): Name = "Min Supply Voltage"; Value = "1.8V"; VariantName = "[No Variations]"
Add component (AddParameter): Name = "Mouser Description"; Value = "Operational Amplifiers - Op Amps DUAL LOW POWER 10 MHZ RRIO OP AMP"; VariantName = "[No Variations]"
Add component (AddParameter): Name = "Nominal Supply Current"; Value = "720uA"; VariantName = "[No Variations]"
Add component (AddParameter): Name = "Number Of Channels"; Value = "2"; VariantName = "[No Variations]"
Add component (AddParameter): Name = "Octopart"; Value = "https://octopart.com/lm6132bimx%2Fnopb-texas+instruments-24814947"; VariantName = "[No Variations]"
Add component (AddParameter): Name = "Output Current Per Channel"; Value = "3.5mA"; VariantName = "[No Variations]"
Add component (AddParameter): Name = "Package"; Value = "SOIC-8"; VariantName = "[No Variations]"
Add component (AddParameter): Name = "RoHS"; Value = "TRUE"; VariantName = "[No Variations]"
Add component (AddParameter): Name = "Standoff Height"; Value = "0.11mm"; VariantName = "[No Variations]"
Add component (AddParameter): Name = "Temperature"; Value = "-40°C to +85°C"; VariantName = "[No Variations]"
Add component (AddParameter): Name = "Temperature Range High"; Value = "+85°C"; VariantName = "[No Variations]"
Add component (AddParameter): Name = "Temperature Range Low"; Value = "-40°C"; VariantName = "[No Variations]"
Add component (AddParameter): Name = "Voltage Gain"; Value = "102V/mV"; VariantName = "[No Variations]"
Added Component: Designator=U5(MCHP-SOIC-SO28_L)
Add component (AddParameter): Name = "ComponentLink1Description"; Value = "Manufacturer URL"; VariantName = "[No Variations]"
Add component (AddParameter): Name = "ComponentLink1URL"; Value = "http://www.microchip.com"; VariantName = "[No Variations]"
Add component (AddParameter): Name = "ComponentLink2Description"; Value = "Datasheet"; VariantName = "[No Variations]"
Add component (AddParameter): Name = "ComponentLink2URL"; Value = "http://ww1.microchip.com/downloads/en/DeviceDoc/61168E.pdf"; VariantName = "[No Variations]"
Add component (AddParameter): Name = "ComponentLink3Description"; Value = "Package Specification"; VariantName = "[No Variations]"
Add component (AddParameter): Name = "ComponentLink3URL"; Value = "http://www.microchip.com/stellent/groups/techpub_sg/documents/packagingspec/en012702.pdf"; VariantName = "[No Variations]"
Add component (AddParameter): Name = "ComponentLink4Description"; Value = "Product URL"; VariantName = "[No Variations]"
Add component (AddParameter): Name = "ComponentLink4URL"; Value = "http://www.microchip.com/PIC32MX130F064B"; VariantName = "[No Variations]"
Add component (AddParameter): Name = "DatasheetVersion"; Value = "Rev. E"; VariantName = "[No Variations]"
Add component (AddParameter): Name = "Manufacturer"; Value = "Microchip"; VariantName = "[No Variations]"
Add component (AddParameter): Name = "Mounting Technology"; Value = "Surface Mount"; VariantName = "[No Variations]"
Add component (AddParameter): Name = "PackageDescription"; Value = "28-Lead Plastic Small Outline, 17.9 x 7.5 mm Body, 1.27 mm Pitch"; VariantName = "[No Variations]"
Add component (AddParameter): Name = "PackageReference"; Value = "SOIC-SO28"; VariantName = "[No Variations]"
Add component (AddParameter): Name = "PackageVersion"; Value = "C04-052C"; VariantName = "[No Variations]"
Add component (AddParameter): Name = "PartNumber"; Value = "PIC32MX130F064B-I/SO"; VariantName = "[No Variations]"
Added Component: Designator=U6(FP-LM6132BIMX-NOPB-MFG)
Add component (AddParameter): Name = "Automotive"; Value = "No"; VariantName = "[No Variations]"
Add component (AddParameter): Name = "Category"; Value = "IC"; VariantName = "[No Variations]"
Add component (AddParameter): Name = "ComponentLink2Description"; Value = "Datasheet"; VariantName = "[No Variations]"
Add component (AddParameter): Name = "ComponentLink2URL"; Value = "http://www.ti.com/lit/ds/symlink/lm6132.pdf"; VariantName = "[No Variations]"
Add component (AddParameter): Name = "Device Class L1"; Value = "Integrated Circuits (ICs)"; VariantName = "[No Variations]"
Add component (AddParameter): Name = "Device Class L2"; Value = "Linear ICs"; VariantName = "[No Variations]"
Add component (AddParameter): Name = "Device Class L3"; Value = "Amplifiers - Op Amps"; VariantName = "[No Variations]"
Add component (AddParameter): Name = "Digikey Description"; Value = "IC OPAMP GP 2 CIRCUIT 8SOIC"; VariantName = "[No Variations]"
Add component (AddParameter): Name = "Gain Bandwidth"; Value = "11MHz"; VariantName = "[No Variations]"
Add component (AddParameter): Name = "Height"; Value = "1.75mm"; VariantName = "[No Variations]"
Add component (AddParameter): Name = "Input Bias Current"; Value = "0.125uA"; VariantName = "[No Variations]"
Add component (AddParameter): Name = "Input Offset Voltage"; Value = "1.7V"; VariantName = "[No Variations]"
Add component (AddParameter): Name = "Lead Free"; Value = "Yes"; VariantName = "[No Variations]"
Add component (AddParameter): Name = "Manufacturer"; Value = "Texas Instruments"; VariantName = "[No Variations]"
Add component (AddParameter): Name = "Manufacturer Part Number"; Value = "LM6132BIMX/NOPB"; VariantName = "[No Variations]"
Add component (AddParameter): Name = "Max Dual Supply Voltage"; Value = "12V"; VariantName = "[No Variations]"
Add component (AddParameter): Name = "Max Junction Temp"; Value = "+150°C"; VariantName = "[No Variations]"
Add component (AddParameter): Name = "Max Supply Voltage"; Value = "24V"; VariantName = "[No Variations]"
Add component (AddParameter): Name = "Min Dual Supply Voltage"; Value = "0.9V"; VariantName = "[No Variations]"
Add component (AddParameter): Name = "Min Supply Voltage"; Value = "1.8V"; VariantName = "[No Variations]"
Add component (AddParameter): Name = "Mouser Description"; Value = "Operational Amplifiers - Op Amps DUAL LOW POWER 10 MHZ RRIO OP AMP"; VariantName = "[No Variations]"
Add component (AddParameter): Name = "Nominal Supply Current"; Value = "720uA"; VariantName = "[No Variations]"
Add component (AddParameter): Name = "Number Of Channels"; Value = "2"; VariantName = "[No Variations]"
Add component (AddParameter): Name = "Octopart"; Value = "https://octopart.com/lm6132bimx%2Fnopb-texas+instruments-24814947"; VariantName = "[No Variations]"
Add component (AddParameter): Name = "Output Current Per Channel"; Value = "3.5mA"; VariantName = "[No Variations]"
Add component (AddParameter): Name = "Package"; Value = "SOIC-8"; VariantName = "[No Variations]"
Add component (AddParameter): Name = "RoHS"; Value = "TRUE"; VariantName = "[No Variations]"
Add component (AddParameter): Name = "Standoff Height"; Value = "0.11mm"; VariantName = "[No Variations]"
Add component (AddParameter): Name = "Temperature"; Value = "-40°C to +85°C"; VariantName = "[No Variations]"
Add component (AddParameter): Name = "Temperature Range High"; Value = "+85°C"; VariantName = "[No Variations]"
Add component (AddParameter): Name = "Temperature Range Low"; Value = "-40°C"; VariantName = "[No Variations]"
Add component (AddParameter): Name = "Voltage Gain"; Value = "102V/mV"; VariantName = "[No Variations]"
Added Component: Designator=U7(FP-LM6132BIMX-NOPB-MFG)
Add component (AddParameter): Name = "Automotive"; Value = "No"; VariantName = "[No Variations]"
Add component (AddParameter): Name = "Category"; Value = "IC"; VariantName = "[No Variations]"
Add component (AddParameter): Name = "ComponentLink2Description"; Value = "Datasheet"; VariantName = "[No Variations]"
Add component (AddParameter): Name = "ComponentLink2URL"; Value = "http://www.ti.com/lit/ds/symlink/lm6132.pdf"; VariantName = "[No Variations]"
Add component (AddParameter): Name = "Device Class L1"; Value = "Integrated Circuits (ICs)"; VariantName = "[No Variations]"
Add component (AddParameter): Name = "Device Class L2"; Value = "Linear ICs"; VariantName = "[No Variations]"
Add component (AddParameter): Name = "Device Class L3"; Value = "Amplifiers - Op Amps"; VariantName = "[No Variations]"
Add component (AddParameter): Name = "Digikey Description"; Value = "IC OPAMP GP 2 CIRCUIT 8SOIC"; VariantName = "[No Variations]"
Add component (AddParameter): Name = "Gain Bandwidth"; Value = "11MHz"; VariantName = "[No Variations]"
Add component (AddParameter): Name = "Height"; Value = "1.75mm"; VariantName = "[No Variations]"
Add component (AddParameter): Name = "Input Bias Current"; Value = "0.125uA"; VariantName = "[No Variations]"
Add component (AddParameter): Name = "Input Offset Voltage"; Value = "1.7V"; VariantName = "[No Variations]"
Add component (AddParameter): Name = "Lead Free"; Value = "Yes"; VariantName = "[No Variations]"
Add component (AddParameter): Name = "Manufacturer"; Value = "Texas Instruments"; VariantName = "[No Variations]"
Add component (AddParameter): Name = "Manufacturer Part Number"; Value = "LM6132BIMX/NOPB"; VariantName = "[No Variations]"
Add component (AddParameter): Name = "Max Dual Supply Voltage"; Value = "12V"; VariantName = "[No Variations]"
Add component (AddParameter): Name = "Max Junction Temp"; Value = "+150°C"; VariantName = "[No Variations]"
Add component (AddParameter): Name = "Max Supply Voltage"; Value = "24V"; VariantName = "[No Variations]"
Add component (AddParameter): Name = "Min Dual Supply Voltage"; Value = "0.9V"; VariantName = "[No Variations]"
Add component (AddParameter): Name = "Min Supply Voltage"; Value = "1.8V"; VariantName = "[No Variations]"
Add component (AddParameter): Name = "Mouser Description"; Value = "Operational Amplifiers - Op Amps DUAL LOW POWER 10 MHZ RRIO OP AMP"; VariantName = "[No Variations]"
Add component (AddParameter): Name = "Nominal Supply Current"; Value = "720uA"; VariantName = "[No Variations]"
Add component (AddParameter): Name = "Number Of Channels"; Value = "2"; VariantName = "[No Variations]"
Add component (AddParameter): Name = "Octopart"; Value = "https://octopart.com/lm6132bimx%2Fnopb-texas+instruments-24814947"; VariantName = "[No Variations]"
Add component (AddParameter): Name = "Output Current Per Channel"; Value = "3.5mA"; VariantName = "[No Variations]"
Add component (AddParameter): Name = "Package"; Value = "SOIC-8"; VariantName = "[No Variations]"
Add component (AddParameter): Name = "RoHS"; Value = "TRUE"; VariantName = "[No Variations]"
Add component (AddParameter): Name = "Standoff Height"; Value = "0.11mm"; VariantName = "[No Variations]"
Add component (AddParameter): Name = "Temperature"; Value = "-40°C to +85°C"; VariantName = "[No Variations]"
Add component (AddParameter): Name = "Temperature Range High"; Value = "+85°C"; VariantName = "[No Variations]"
Add component (AddParameter): Name = "Temperature Range Low"; Value = "-40°C"; VariantName = "[No Variations]"
Add component (AddParameter): Name = "Voltage Gain"; Value = "102V/mV"; VariantName = "[No Variations]"
Add Component: Footprint Not Found XTAL_ABLS-8.000MHZ-K4T
Added Pin To Net: NetName=+3.3V Pin=C8-2
Added Pin To Net: NetName=+3.3V Pin=C9-2
Added Pin To Net: NetName=+3.3V Pin=J2-9
Added Pin To Net: NetName=+3.3V Pin=U5-2
Added Pin To Net: NetName=+3.3V Pin=U5-13
Added Pin To Net: NetName=+3.3V Pin=U5-28
Added Pin To Net: NetName=+3.3V Pin=U6-8
Added Pin To Net: NetName=+3.3V Pin=U7-8
Added Net: Name=+3.3V
Added Pin To Net: NetName=+5V Pin=J2-11
Added Net: Name=+5V
Added Pin To Net: NetName=+15V Pin=C1-2
Added Pin To Net: NetName=+15V Pin=C3-1
Added Pin To Net: NetName=+15V Pin=C4-2
Added Pin To Net: NetName=+15V Pin=C6-1
Added Pin To Net: NetName=+15V Pin=D1-2
Added Pin To Net: NetName=+15V Pin=D2-2
Added Pin To Net: NetName=+15V Pin=J2-5
Added Pin To Net: NetName=+15V Pin=R9-1
Added Pin To Net: NetName=+15V Pin=R10-1
Added Pin To Net: NetName=+15V Pin=R16-1
Added Pin To Net: NetName=+15V Pin=U3-8
Added Pin To Net: NetName=+15V Pin=U4-8
Added Net: Name=+15V
Added Pin To Net: NetName=+Vdc Pin=C13-2
Added Pin To Net: NetName=+Vdc Pin=C14-2
Added Pin To Net: NetName=+Vdc Pin=J2-1
Added Pin To Net: NetName=+Vdc Pin=Q1-4
Added Pin To Net: NetName=+Vdc Pin=Q3-4
Added Net: Name=+Vdc
Added Pin To Net: NetName=-15V Pin=J2-7
Added Pin To Net: NetName=-15V Pin=U3-4
Added Pin To Net: NetName=-15V Pin=U4-4
Added Net: Name=-15V
Added Pin To Net: NetName=-Vdc Pin=J2-3
Added Net: Name=-Vdc
Added Pin To Net: NetName=3V3 Pin=R20-2
Added Net: Name=3V3
Added Pin To Net: NetName=AmesPU Pin=J4-8
Added Pin To Net: NetName=AmesPU Pin=R12-1
Added Pin To Net: NetName=AmesPU Pin=TP8-1
Added Net: Name=AmesPU
Added Pin To Net: NetName=GND Pin=C1-1
Added Pin To Net: NetName=GND Pin=C3-2
Added Pin To Net: NetName=GND Pin=C4-1
Added Pin To Net: NetName=GND Pin=C6-2
Added Pin To Net: NetName=GND Pin=C7-1
Added Pin To Net: NetName=GND Pin=C8-1
Added Pin To Net: NetName=GND Pin=C9-1
Added Pin To Net: NetName=GND Pin=C12-1
Added Pin To Net: NetName=GND Pin=C13-1
Added Pin To Net: NetName=GND Pin=C14-1
Added Pin To Net: NetName=GND Pin=J1-10
Added Pin To Net: NetName=GND Pin=J2-2
Added Pin To Net: NetName=GND Pin=J2-4
Added Pin To Net: NetName=GND Pin=J2-6
Added Pin To Net: NetName=GND Pin=J2-8
Added Pin To Net: NetName=GND Pin=J2-10
Added Pin To Net: NetName=GND Pin=J2-12
Added Pin To Net: NetName=GND Pin=J4-10
Added Pin To Net: NetName=GND Pin=Q2-3
Added Pin To Net: NetName=GND Pin=Q4-3
Added Pin To Net: NetName=GND Pin=R2-2
Added Pin To Net: NetName=GND Pin=R5-2
Added Pin To Net: NetName=GND Pin=R7-1
Added Pin To Net: NetName=GND Pin=R8-1
Added Pin To Net: NetName=GND Pin=R15-1
Added Pin To Net: NetName=GND Pin=R19-1
Added Pin To Net: NetName=GND Pin=TP?-1
Added Pin To Net: NetName=GND Pin=TP?-1
Added Pin To Net: NetName=GND Pin=TP?-1
Added Pin To Net: NetName=GND Pin=TP?-1
Added Pin To Net: NetName=GND Pin=U4-5
Added Pin To Net: NetName=GND Pin=U5-3
Added Pin To Net: NetName=GND Pin=U5-8
Added Pin To Net: NetName=GND Pin=U5-19
Added Pin To Net: NetName=GND Pin=U5-27
Added Pin To Net: NetName=GND Pin=U6-4
Added Pin To Net: NetName=GND Pin=U7-4
Added Pin To Net: NetName=GND Pin=U7-5
Added Net: Name=GND
Added Pin To Net: NetName=ImesPU Pin=J4-4
Added Net: Name=ImesPU
Added Pin To Net: NetName=M\C\L\R\ Pin=R21-2
Added Pin To Net: NetName=M\C\L\R\ Pin=U5-1
Added Net: Name=M\C\L\R\
Added Pin To Net: NetName=NetC2_1 Pin=C2-1
Added Pin To Net: NetName=NetC2_1 Pin=D1-1
Added Net: Name=NetC2_1
Added Pin To Net: NetName=NetC5_2 Pin=C5-2
Added Pin To Net: NetName=NetC5_2 Pin=D2-1
Added Net: Name=NetC5_2
Added Pin To Net: NetName=NetC7_2 Pin=C7-2
Added Pin To Net: NetName=NetC7_2 Pin=U5-20
Added Net: Name=NetC7_2
Added Pin To Net: NetName=NetQ1_1 Pin=Q1-1
Added Pin To Net: NetName=NetQ1_1 Pin=R1-2
Added Net: Name=NetQ1_1
Added Pin To Net: NetName=NetQ2_1 Pin=Q2-1
Added Pin To Net: NetName=NetQ2_1 Pin=R3-2
Added Net: Name=NetQ2_1
Added Pin To Net: NetName=NetQ3_1 Pin=Q3-1
Added Pin To Net: NetName=NetQ3_1 Pin=R4-2
Added Net: Name=NetQ3_1
Added Pin To Net: NetName=NetQ4_1 Pin=Q4-1
Added Pin To Net: NetName=NetQ4_1 Pin=R6-2
Added Net: Name=NetQ4_1
Added Pin To Net: NetName=NetR1_1 Pin=R1-1
Added Net: Name=NetR1_1
Added Pin To Net: NetName=NetR2_1 Pin=R2-1
Added Net: Name=NetR2_1
Added Pin To Net: NetName=NetR3_1 Pin=R3-1
Added Net: Name=NetR3_1
Added Pin To Net: NetName=NetR4_1 Pin=R4-1
Added Net: Name=NetR4_1
Added Pin To Net: NetName=NetR5_1 Pin=R5-1
Added Net: Name=NetR5_1
Added Pin To Net: NetName=NetR6_1 Pin=R6-1
Added Net: Name=NetR6_1
Added Pin To Net: NetName=NetR7_2 Pin=R7-2
Added Pin To Net: NetName=NetR7_2 Pin=R9-2
Added Pin To Net: NetName=NetR7_2 Pin=U3-3
Added Net: Name=NetR7_2
Added Pin To Net: NetName=NetR8_2 Pin=R8-2
Added Pin To Net: NetName=NetR8_2 Pin=R10-2
Added Pin To Net: NetName=NetR8_2 Pin=U3-5
Added Net: Name=NetR8_2
Added Pin To Net: NetName=NetR11_2 Pin=R11-2
Added Pin To Net: NetName=NetR11_2 Pin=R13-2
Added Pin To Net: NetName=NetR11_2 Pin=U3-2
Added Net: Name=NetR11_2
Added Pin To Net: NetName=NetR12_2 Pin=R12-2
Added Pin To Net: NetName=NetR12_2 Pin=R14-2
Added Pin To Net: NetName=NetR12_2 Pin=U3-6
Added Net: Name=NetR12_2
Added Pin To Net: NetName=NetR13_1 Pin=R13-1
Added Pin To Net: NetName=NetR13_1 Pin=U3-1
Added Pin To Net: NetName=NetR13_1 Pin=U6-3
Added Net: Name=NetR13_1
Added Pin To Net: NetName=NetR14_1 Pin=R14-1
Added Pin To Net: NetName=NetR14_1 Pin=U3-7
Added Pin To Net: NetName=NetR14_1 Pin=U6-5
Added Net: Name=NetR14_1
Added Pin To Net: NetName=NetR15_2 Pin=R15-2
Added Pin To Net: NetName=NetR15_2 Pin=R16-2
Added Pin To Net: NetName=NetR15_2 Pin=U4-3
Added Net: Name=NetR15_2
Added Pin To Net: NetName=NetR17_2 Pin=R17-2
Added Pin To Net: NetName=NetR17_2 Pin=R18-2
Added Pin To Net: NetName=NetR17_2 Pin=U4-2
Added Net: Name=NetR17_2
Added Pin To Net: NetName=NetR18_1 Pin=R18-1
Added Pin To Net: NetName=NetR18_1 Pin=U4-1
Added Pin To Net: NetName=NetR18_1 Pin=U7-3
Added Net: Name=NetR18_1
Added Pin To Net: NetName=NetR19_2 Pin=R19-2
Added Pin To Net: NetName=NetR19_2 Pin=TP3-1
Added Pin To Net: NetName=NetR19_2 Pin=U5-14
Added Net: Name=NetR19_2
Added Pin To Net: NetName=NetTP2_1 Pin=TP2-1
Added Pin To Net: NetName=NetTP2_1 Pin=U5-7
Added Pin To Net: NetName=NetTP2_1 Pin=U6-1
Added Pin To Net: NetName=NetTP2_1 Pin=U6-2
Added Net: Name=NetTP2_1
Added Pin To Net: NetName=NetTP6_1 Pin=TP6-1
Added Pin To Net: NetName=NetTP6_1 Pin=U5-11
Added Pin To Net: NetName=NetTP6_1 Pin=U7-1
Added Pin To Net: NetName=NetTP6_1 Pin=U7-2
Added Net: Name=NetTP6_1
Added Pin To Net: NetName=NetTP7_1 Pin=TP7-1
Added Pin To Net: NetName=NetTP7_1 Pin=U5-21
Added Net: Name=NetTP7_1
Added Pin To Net: NetName=NetTP9_1 Pin=TP9-1
Added Pin To Net: NetName=NetTP9_1 Pin=U5-6
Added Pin To Net: NetName=NetTP9_1 Pin=U6-6
Added Pin To Net: NetName=NetTP9_1 Pin=U6-7
Added Net: Name=NetTP9_1
Added Pin To Net: NetName=NetTP10_1 Pin=TP10-1
Added Pin To Net: NetName=NetTP10_1 Pin=U5-22
Added Net: Name=NetTP10_1
Added Pin To Net: NetName=NetU4_6 Pin=U4-6
Added Pin To Net: NetName=NetU4_6 Pin=U4-7
Added Net: Name=NetU4_6
Added Pin To Net: NetName=NetU7_6 Pin=U7-6
Added Pin To Net: NetName=NetU7_6 Pin=U7-7
Added Net: Name=NetU7_6
Added Pin To Net: NetName=OSC1 Pin=U5-9
Added Net: Name=OSC1
Added Pin To Net: NetName=OSC2 Pin=U5-10
Added Net: Name=OSC2
Added Pin To Net: NetName=PGEC1 Pin=U5-5
Added Net: Name=PGEC1
Added Pin To Net: NetName=PGED1 Pin=U5-4
Added Net: Name=PGED1
Added Pin To Net: NetName=PWM1a Pin=J1-11
Added Pin To Net: NetName=PWM1a Pin=J4-11
Added Net: Name=PWM1a
Added Pin To Net: NetName=PWM1b Pin=J1-13
Added Pin To Net: NetName=PWM1b Pin=J4-13
Added Net: Name=PWM1b
Added Pin To Net: NetName=PWM2a Pin=J1-12
Added Pin To Net: NetName=PWM2a Pin=J4-12
Added Net: Name=PWM2a
Added Pin To Net: NetName=PWM2b Pin=J1-14
Added Pin To Net: NetName=PWM2b Pin=J4-14
Added Net: Name=PWM2b
Added Pin To Net: NetName=Reference Pin=J1-9
Added Pin To Net: NetName=Reference Pin=J4-9
Added Pin To Net: NetName=Reference Pin=R17-1
Added Pin To Net: NetName=Reference Pin=TP5-1
Added Net: Name=Reference
Added Pin To Net: NetName=Reset Pin=C12-2
Added Pin To Net: NetName=Reset Pin=R20-1
Added Pin To Net: NetName=Reset Pin=R21-1
Added Net: Name=Reset
Added Pin To Net: NetName=Vmot+ Pin=C2-2
Added Pin To Net: NetName=Vmot+ Pin=J1-3
Added Pin To Net: NetName=Vmot+ Pin=Q1-3
Added Pin To Net: NetName=Vmot+ Pin=Q2-4
Added Pin To Net: NetName=Vmot+ Pin=TP4-1
Added Net: Name=Vmot+
Added Pin To Net: NetName=Vmot- Pin=C5-1
Added Pin To Net: NetName=Vmot- Pin=J1-5
Added Pin To Net: NetName=Vmot- Pin=Q3-3
Added Pin To Net: NetName=Vmot- Pin=Q4-4
Added Pin To Net: NetName=Vmot- Pin=TP11-1
Added Net: Name=Vmot-
Added Pin To Net: NetName=WmesPU Pin=J4-6
Added Pin To Net: NetName=WmesPU Pin=R11-1
Added Pin To Net: NetName=WmesPU Pin=TP1-1
Added Net: Name=WmesPU
Added Class: Name=ES_PRJ_6C_2L_2026
Added Class: Name=MCU
Added Class: Name=Mosfter_driver
Added Class: Name=regulateur_de_tension
Added Rule: Name=Schematic Supply Nets
Added Rule: Name=Schematic Supply Nets_1
Added Rule: Name=Schematic Supply Nets_2
Added Rule: Name=Schematic Supply Nets_3
Added Rule: Name=Schematic Supply Nets_4
Added Rule: Name=Schematic Supply Nets_5
Added Rule: Name=Schematic Supply Nets_6
Added Rule: Name=Schematic Supply Nets_7
